{
    "acc_in_ambig": 0.5473411154345007,
    "bias_score_in_ambig": -0.02464332036316472,
    "acc_in_disambig": 0.7757731958762887,
    "bias_score_in_disambig": -0.14325452016689844,
    "token_fee": "26.86869399999997",
    "generate_token_fee": "2.162797999999999",
    "dropping_num": 17,
    "iter_time": 0,
    "not_perfect_num_in_mask": 175,
    "not_perfect_num_in_background": 0,
    "ensured_dropping num": 0,
    "acutal_usage_in_mask": 2855,
    "acutal_usage_in_background": 1762,
    "CoT_actual_usage": 0
}