{
    "acc_in_ambig": 0.5675675675675675,
    "bias_score_in_ambig": 0.015444015444015486,
    "acc_in_disambig": 0.7777777777777778,
    "bias_score_in_disambig": -0.10578279266572632,
    "token_fee": "27.25414199999995",
    "generate_token_fee": "2.173704",
    "dropping_num": 9,
    "iter_time": 0,
    "not_perfect_num_in_mask": 186,
    "not_perfect_num_in_background": 0,
    "ensured_dropping num": 0,
    "acutal_usage_in_mask": 2902,
    "acutal_usage_in_background": 1789,
    "CoT_actual_usage": 0
}