{
    "acc_in_ambig": 0.6921086675291074,
    "bias_score_in_ambig": -0.0051746442432082955,
    "acc_in_disambig": 0.7687338501291989,
    "bias_score_in_disambig": -0.11079545454545459,
    "token_fee": "0.7767839999999981",
    "generate_token_fee": "0.42554800000000104",
    "dropping_num": 0,
    "iter_time": 0,
    "not_perfect_num_in_mask": 0,
    "not_perfect_num_in_background": 0,
    "ensured_dropping num": 0,
    "acutal_usage_in_mask": 0,
    "acutal_usage_in_background": 0,
    "CoT_actual_usage": 1737
}