{
    "acc_in_ambig": 0.7005141388174807,
    "bias_score_in_ambig": -0.011568123393316197,
    "acc_in_disambig": 0.8059125964010283,
    "bias_score_in_disambig": -0.0883190883190883,
    "token_fee": "0.8193180000000004",
    "generate_token_fee": "0.4936479999999997",
    "dropping_num": 0,
    "iter_time": 0,
    "not_perfect_num_in_mask": 0,
    "not_perfect_num_in_background": 0,
    "ensured_dropping num": 0,
    "acutal_usage_in_mask": 0,
    "acutal_usage_in_background": 0,
    "CoT_actual_usage": 1739
}