{
    "acc_in_ambig": 0.6688227684346701,
    "bias_score_in_ambig": -0.0077619663648124185,
    "acc_in_disambig": 0.7648578811369509,
    "bias_score_in_disambig": -0.14124293785310738,
    "token_fee": "0.8062480000000007",
    "generate_token_fee": "0.44731800000000077",
    "dropping_num": 0,
    "iter_time": 0,
    "not_perfect_num_in_mask": 0,
    "not_perfect_num_in_background": 0,
    "ensured_dropping num": 0,
    "acutal_usage_in_mask": 0,
    "acutal_usage_in_background": 0,
    "CoT_actual_usage": 1809
}