{
    "acc_in_ambig": 0.4498714652956298,
    "bias_score_in_ambig": -0.028277634961439563,
    "acc_in_disambig": 0.7583547557840618,
    "bias_score_in_disambig": -0.12154696132596687,
    "token_fee": "0.3070539999999998",
    "generate_token_fee": "0.012631999999999977",
    "dropping_num": 0,
    "iter_time": 0,
    "not_perfect_num_in_mask": 0,
    "not_perfect_num_in_background": 0,
    "ensured_dropping num": 0,
    "acutal_usage_in_mask": 0,
    "acutal_usage_in_background": 0,
    "CoT_actual_usage": 0
}