{
    "acc_in_ambig": 0.6953727506426736,
    "bias_score_in_ambig": -0.014138817480719788,
    "acc_in_disambig": 0.7647814910025706,
    "bias_score_in_disambig": -0.09278350515463918,
    "token_fee": "0.8022020000000009",
    "generate_token_fee": "0.47920199999999885",
    "dropping_num": 0,
    "iter_time": 0,
    "not_perfect_num_in_mask": 0,
    "not_perfect_num_in_background": 0,
    "ensured_dropping num": 0,
    "acutal_usage_in_mask": 0,
    "acutal_usage_in_background": 0,
    "CoT_actual_usage": 1719
}