{
    "acc_in_ambig": 0.6731266149870802,
    "bias_score_in_ambig": -0.029715762273901814,
    "acc_in_disambig": 0.7708333333333334,
    "bias_score_in_disambig": -0.09503546099290783,
    "token_fee": "28.185609999999922",
    "generate_token_fee": "2.083760000000006",
    "dropping_num": 27,
    "iter_time": 0,
    "not_perfect_num_in_mask": 172,
    "not_perfect_num_in_background": 3,
    "ensured_dropping num": 0,
    "acutal_usage_in_mask": 2883,
    "acutal_usage_in_background": 1852,
    "CoT_actual_usage": 0
}