{
    "acc_in_ambig": 0.6550836550836551,
    "bias_score_in_ambig": -0.0051480051480051634,
    "acc_in_disambig": 0.7786357786357786,
    "bias_score_in_disambig": -0.08131241084165475,
    "token_fee": "38.56709799999998",
    "generate_token_fee": "2.51788800000002",
    "dropping_num": 3,
    "iter_time": 0,
    "not_perfect_num_in_mask": 1555,
    "not_perfect_num_in_background": 0,
    "ensured_dropping num": 0,
    "acutal_usage_in_mask": 4668,
    "acutal_usage_in_background": 1570,
    "CoT_actual_usage": 0
}