{
    "acc_in_ambig": 0.6967741935483871,
    "bias_score_in_ambig": -0.0012903225806451632,
    "acc_in_disambig": 0.8059125964010283,
    "bias_score_in_disambig": -0.11756569847856158,
    "token_fee": "15.766565999999976",
    "generate_token_fee": "1.4800559999999963",
    "dropping_num": 5,
    "iter_time": 0,
    "not_perfect_num_in_mask": 171,
    "not_perfect_num_in_background": 0,
    "ensured_dropping num": 0,
    "acutal_usage_in_mask": 2925,
    "acutal_usage_in_background": 0,
    "CoT_actual_usage": 0
}