{
    "acc_in_ambig": 0.7257438551099612,
    "bias_score_in_ambig": -0.010349288486416556,
    "acc_in_disambig": 0.7812097812097812,
    "bias_score_in_disambig": -0.09516380655226209,
    "token_fee": "0.607332",
    "generate_token_fee": "0.3040060000000008",
    "dropping_num": 6,
    "iter_time": 0,
    "not_perfect_num_in_mask": 0,
    "not_perfect_num_in_background": 0,
    "ensured_dropping num": 0,
    "acutal_usage_in_mask": 0,
    "acutal_usage_in_background": 0,
    "CoT_actual_usage": 2115
}