{
    "acc_in_ambig": 0.4473007712082262,
    "bias_score_in_ambig": -0.023136246786632383,
    "acc_in_disambig": 0.7467866323907455,
    "bias_score_in_disambig": -0.07818930041152261,
    "token_fee": "0.3038759999999996",
    "generate_token_fee": "0.012415999999999969",
    "dropping_num": 0,
    "iter_time": 0,
    "not_perfect_num_in_mask": 0,
    "not_perfect_num_in_background": 0,
    "ensured_dropping num": 0,
    "acutal_usage_in_mask": 0,
    "acutal_usage_in_background": 0,
    "CoT_actual_usage": 0
}