{
    "acc_in_ambig": 0.6735218508997429,
    "bias_score_in_ambig": -0.028277634961439577,
    "acc_in_disambig": 0.7776349614395887,
    "bias_score_in_disambig": -0.12372634643377001,
    "token_fee": "0.7853300000000009",
    "generate_token_fee": "0.4658000000000009",
    "dropping_num": 0,
    "iter_time": 0,
    "not_perfect_num_in_mask": 0,
    "not_perfect_num_in_background": 0,
    "ensured_dropping num": 0,
    "acutal_usage_in_mask": 0,
    "acutal_usage_in_background": 0,
    "CoT_actual_usage": 1709
}