{
    "acc_in_ambig": 0.741267787839586,
    "bias_score_in_ambig": -0.04657179818887453,
    "acc_in_disambig": 0.7641752577319587,
    "bias_score_in_disambig": -0.09576138147566715,
    "token_fee": "0.6285979999999994",
    "generate_token_fee": "0.313094000000002",
    "dropping_num": 7,
    "iter_time": 0,
    "not_perfect_num_in_mask": 0,
    "not_perfect_num_in_background": 0,
    "ensured_dropping num": 0,
    "acutal_usage_in_mask": 0,
    "acutal_usage_in_background": 0,
    "CoT_actual_usage": 2173
}