{
    "acc_in_ambig": 0.5265200517464425,
    "bias_score_in_ambig": -0.0517464424320828,
    "acc_in_disambig": 0.8002577319587629,
    "bias_score_in_disambig": -0.18333333333333335,
    "token_fee": "26.556385999999947",
    "generate_token_fee": "2.110653999999999",
    "dropping_num": 12,
    "iter_time": 0,
    "not_perfect_num_in_mask": 171,
    "not_perfect_num_in_background": 0,
    "ensured_dropping num": 0,
    "acutal_usage_in_mask": 2851,
    "acutal_usage_in_background": 1723,
    "CoT_actual_usage": 0
}