{
    "acc_in_ambig": 0.7638888888888888,
    "bias_score_in_ambig": 0.050925925925925916,
    "acc_in_disambig": 0.7314814814814815,
    "bias_score_in_disambig": -0.01098901098901095,
    "token_fee": "0.18467999999999973",
    "generate_token_fee": "0.007547999999999895",
    "dropping_num": 0,
    "iter_time": 0,
    "not_perfect_num_in_mask": 0,
    "not_perfect_num_in_background": 0,
    "ensured_dropping num": 0,
    "acutal_usage_in_mask": 0,
    "acutal_usage_in_background": 0,
    "CoT_actual_usage": 0
}