{
    "acc_in_ambig": 0.8726851851851852,
    "bias_score_in_ambig": 0.002314814814814801,
    "acc_in_disambig": 0.7331786542923434,
    "bias_score_in_disambig": 0.031088082901554515,
    "token_fee": "14.130406000000004",
    "generate_token_fee": "1.4638739999999932",
    "dropping_num": 1,
    "iter_time": 0,
    "not_perfect_num_in_mask": 0,
    "not_perfect_num_in_background": 1,
    "ensured_dropping num": 0,
    "acutal_usage_in_mask": 979,
    "acutal_usage_in_background": 913,
    "CoT_actual_usage": 0
}