{
    "acc_in_ambig": 0.7592592592592593,
    "bias_score_in_ambig": 0.018518518518518504,
    "acc_in_disambig": 0.7013888888888888,
    "bias_score_in_disambig": 0.011235955056179803,
    "token_fee": "0.19322199999999978",
    "generate_token_fee": "0.007307999999999897",
    "dropping_num": 0,
    "iter_time": 0,
    "not_perfect_num_in_mask": 0,
    "not_perfect_num_in_background": 0,
    "ensured_dropping num": 0,
    "acutal_usage_in_mask": 0,
    "acutal_usage_in_background": 0,
    "CoT_actual_usage": 0
}