{
    "acc_in_ambig": 0.7569444444444444,
    "bias_score_in_ambig": 0.03935185185185188,
    "acc_in_disambig": 0.6782407407407407,
    "bias_score_in_disambig": 0.008403361344537785,
    "token_fee": "0.18574599999999983",
    "generate_token_fee": "0.007313999999999887",
    "dropping_num": 0,
    "iter_time": 0,
    "not_perfect_num_in_mask": 0,
    "not_perfect_num_in_background": 0,
    "ensured_dropping num": 0,
    "acutal_usage_in_mask": 0,
    "acutal_usage_in_background": 0,
    "CoT_actual_usage": 0
}