{
    "acc_in_ambig": 0.8145539906103286,
    "bias_score_in_ambig": -0.03051643192488263,
    "acc_in_disambig": 0.7314814814814815,
    "bias_score_in_disambig": -0.028089887640449396,
    "token_fee": "0.6032200000000009",
    "generate_token_fee": "0.35307999999999984",
    "dropping_num": 6,
    "iter_time": 0,
    "not_perfect_num_in_mask": 0,
    "not_perfect_num_in_background": 0,
    "ensured_dropping num": 0,
    "acutal_usage_in_mask": 0,
    "acutal_usage_in_background": 0,
    "CoT_actual_usage": 1114
}