{
    "acc_in_ambig": 0.75,
    "bias_score_in_ambig": 0.018518518518518545,
    "acc_in_disambig": 0.7199074074074074,
    "bias_score_in_disambig": 0.005586592178770999,
    "token_fee": "0.1983840000000001",
    "generate_token_fee": "0.008107999999999886",
    "dropping_num": 0,
    "iter_time": 0,
    "not_perfect_num_in_mask": 0,
    "not_perfect_num_in_background": 0,
    "ensured_dropping num": 0,
    "acutal_usage_in_mask": 0,
    "acutal_usage_in_background": 0
}