{
    "acc_in_ambig": 0.8055555555555556,
    "bias_score_in_ambig": -0.013888888888888881,
    "acc_in_disambig": 0.49074074074074076,
    "bias_score_in_disambig": 0.05600000000000005,
    "token_fee": "0.7126379999999997",
    "generate_token_fee": "0.4326339999999994",
    "dropping_num": 0,
    "iter_time": 0,
    "not_perfect_num_in_mask": 0,
    "not_perfect_num_in_background": 0,
    "ensured_dropping num": 0,
    "acutal_usage_in_mask": 0,
    "acutal_usage_in_background": 0,
    "CoT_actual_usage": 1047
}