{
    "acc_in_ambig": 0.8468677494199536,
    "bias_score_in_ambig": 0.023201856148491896,
    "acc_in_disambig": 0.7384259259259259,
    "bias_score_in_disambig": -0.002557544757033292,
    "token_fee": "13.377805999999996",
    "generate_token_fee": "1.3980380000000021",
    "dropping_num": 1,
    "iter_time": 0,
    "not_perfect_num_in_mask": 1,
    "not_perfect_num_in_background": 0,
    "ensured_dropping num": 0,
    "acutal_usage_in_mask": 1001,
    "acutal_usage_in_background": 877,
    "CoT_actual_usage": 0
}