{
    "acc_in_ambig": 0.8677494199535963,
    "bias_score_in_ambig": -0.0023201856148491943,
    "acc_in_disambig": 0.75,
    "bias_score_in_disambig": 0.0410256410256411,
    "token_fee": "13.38027400000004",
    "generate_token_fee": "1.4109200000000017",
    "dropping_num": 1,
    "iter_time": 0,
    "not_perfect_num_in_mask": 1,
    "not_perfect_num_in_background": 0,
    "ensured_dropping num": 0,
    "acutal_usage_in_mask": 998,
    "acutal_usage_in_background": 875
}