{
    "acc_in_ambig": 0.8372093023255814,
    "bias_score_in_ambig": -0.009302325581395349,
    "acc_in_disambig": 0.7523148148148148,
    "bias_score_in_disambig": 0.019830028328611915,
    "token_fee": "0.6056580000000005",
    "generate_token_fee": "0.34930000000000055",
    "dropping_num": 2,
    "iter_time": 0,
    "not_perfect_num_in_mask": 0,
    "not_perfect_num_in_background": 0,
    "ensured_dropping num": 0,
    "acutal_usage_in_mask": 0,
    "acutal_usage_in_background": 0,
    "CoT_actual_usage": 1139
}