{
    "acc_in_ambig": 0.7962962962962963,
    "bias_score_in_ambig": -0.0138888888888889,
    "acc_in_disambig": 0.4837962962962963,
    "bias_score_in_disambig": -0.09465020576131689,
    "token_fee": "0.7171120000000009",
    "generate_token_fee": "0.42639999999999967",
    "dropping_num": 0,
    "iter_time": 0,
    "not_perfect_num_in_mask": 0,
    "not_perfect_num_in_background": 0,
    "ensured_dropping num": 0,
    "acutal_usage_in_mask": 0,
    "acutal_usage_in_background": 0,
    "CoT_actual_usage": 1070
}