{
    "acc_in_ambig": 0.8240740740740741,
    "bias_score_in_ambig": -0.03240740740740741,
    "acc_in_disambig": 0.777262180974478,
    "bias_score_in_disambig": -0.018276762402088753,
    "token_fee": "13.505842000000012",
    "generate_token_fee": "1.4112339999999994",
    "dropping_num": 1,
    "iter_time": 0,
    "not_perfect_num_in_mask": 1,
    "not_perfect_num_in_background": 0,
    "ensured_dropping num": 0,
    "acutal_usage_in_mask": 1015,
    "acutal_usage_in_background": 877,
    "CoT_actual_usage": 0
}