{
    "acc_in_ambig": 0.8860465116279069,
    "bias_score_in_ambig": 0.030232558139534904,
    "acc_in_disambig": 0.7685185185185185,
    "bias_score_in_disambig": -0.027431421446383997,
    "token_fee": "13.922892000000047",
    "generate_token_fee": "1.4050719999999943",
    "dropping_num": 2,
    "iter_time": 0,
    "not_perfect_num_in_mask": 2,
    "not_perfect_num_in_background": 0,
    "ensured_dropping num": 0,
    "acutal_usage_in_mask": 970,
    "acutal_usage_in_background": 903
}