{
    "acc_in_ambig": 0.8584686774941995,
    "bias_score_in_ambig": 0.0023201856148491904,
    "acc_in_disambig": 0.7129629629629629,
    "bias_score_in_disambig": -0.08933717579250722,
    "token_fee": "0.6207700000000015",
    "generate_token_fee": "0.3639800000000001",
    "dropping_num": 1,
    "iter_time": 0,
    "not_perfect_num_in_mask": 0,
    "not_perfect_num_in_background": 0,
    "ensured_dropping num": 0,
    "acutal_usage_in_mask": 0,
    "acutal_usage_in_background": 0,
    "CoT_actual_usage": 1152
}