{
    "acc_in_ambig": 0.8425925925925926,
    "bias_score_in_ambig": 0.041666666666666664,
    "acc_in_disambig": 0.7337962962962963,
    "bias_score_in_disambig": -0.04297994269340977,
    "token_fee": "0.5897300000000002",
    "generate_token_fee": "0.34336400000000006",
    "dropping_num": 0,
    "iter_time": 0,
    "not_perfect_num_in_mask": 0,
    "not_perfect_num_in_background": 0,
    "ensured_dropping num": 0,
    "acutal_usage_in_mask": 0,
    "acutal_usage_in_background": 0,
    "CoT_actual_usage": 1105
}