{
    "acc_in_ambig": 0.7569444444444444,
    "bias_score_in_ambig": 0.006944444444444421,
    "acc_in_disambig": 0.7129629629629629,
    "bias_score_in_disambig": -0.011111111111111072,
    "token_fee": "0.18442800000000004",
    "generate_token_fee": "0.0080879999999999",
    "dropping_num": 0,
    "iter_time": 0,
    "not_perfect_num_in_mask": 0,
    "not_perfect_num_in_background": 0,
    "ensured_dropping num": 0,
    "acutal_usage_in_mask": 0,
    "acutal_usage_in_background": 0,
    "CoT_actual_usage": 0
}