{
    "acc_in_ambig": 0.8564814814814815,
    "bias_score_in_ambig": -0.004629629629629624,
    "acc_in_disambig": 0.7610208816705336,
    "bias_score_in_disambig": 0.04303797468354431,
    "token_fee": "14.037038000000013",
    "generate_token_fee": "1.4593679999999936",
    "dropping_num": 1,
    "iter_time": 0,
    "not_perfect_num_in_mask": 2,
    "not_perfect_num_in_background": 1,
    "ensured_dropping num": 0,
    "acutal_usage_in_mask": 981,
    "acutal_usage_in_background": 902,
    "CoT_actual_usage": 0
}