{
    "acc_in_ambig": 0.7679814385150812,
    "bias_score_in_ambig": 0.023201856148491906,
    "acc_in_disambig": 0.7083333333333334,
    "bias_score_in_disambig": -0.036414565826330514,
    "token_fee": "0.1942499999999997",
    "generate_token_fee": "0.007565999999999891",
    "dropping_num": 0,
    "iter_time": 0,
    "not_perfect_num_in_mask": 0,
    "not_perfect_num_in_background": 0,
    "ensured_dropping num": 0,
    "acutal_usage_in_mask": 0,
    "acutal_usage_in_background": 0,
    "CoT_actual_usage": 0
}