{
    "acc_in_ambig": 0.8773148148148148,
    "bias_score_in_ambig": 0.016203703703703706,
    "acc_in_disambig": 0.7430555555555556,
    "bias_score_in_disambig": 0.007751937984496138,
    "token_fee": "14.555790000000018",
    "generate_token_fee": "1.4586559999999957",
    "dropping_num": 0,
    "iter_time": 0,
    "not_perfect_num_in_mask": 5,
    "not_perfect_num_in_background": 5,
    "ensured_dropping num": 0,
    "acutal_usage_in_mask": 1009,
    "acutal_usage_in_background": 956,
    "CoT_actual_usage": 0
}