{
    "acc_in_ambig": 0.8402777777777778,
    "bias_score_in_ambig": 0.016203703703703703,
    "acc_in_disambig": 0.7384259259259259,
    "bias_score_in_disambig": -0.015957446808510634,
    "token_fee": "13.45296999999997",
    "generate_token_fee": "1.416866000000004",
    "dropping_num": 0,
    "iter_time": 0,
    "not_perfect_num_in_mask": 5,
    "not_perfect_num_in_background": 0,
    "ensured_dropping num": 0,
    "acutal_usage_in_mask": 1013,
    "acutal_usage_in_background": 870,
    "CoT_actual_usage": 0
}