{
    "acc_in_ambig": 0.8654292343387471,
    "bias_score_in_ambig": 0.004640371229698386,
    "acc_in_disambig": 0.7361111111111112,
    "bias_score_in_disambig": -0.04582210242587603,
    "token_fee": "13.353052000000044",
    "generate_token_fee": "1.4113120000000008",
    "dropping_num": 1,
    "iter_time": 0,
    "not_perfect_num_in_mask": 3,
    "not_perfect_num_in_background": 0,
    "ensured_dropping num": 0,
    "acutal_usage_in_mask": 998,
    "acutal_usage_in_background": 874,
    "CoT_actual_usage": 0
}