{
    "acc_in_ambig": 0.7372093023255814,
    "bias_score_in_ambig": -0.030232558139534876,
    "acc_in_disambig": 0.8422273781902552,
    "bias_score_in_disambig": -0.00497512437810943,
    "token_fee": "11.019221999999989",
    "generate_token_fee": "0.9184759999999987",
    "dropping_num": 3,
    "iter_time": 0,
    "not_perfect_num_in_mask": 0,
    "not_perfect_num_in_background": 0,
    "ensured_dropping num": 0,
    "acutal_usage_in_mask": 893,
    "acutal_usage_in_background": 915,
    "CoT_actual_usage": 0
}