{
    "acc_in_ambig": 0.8352668213457076,
    "bias_score_in_ambig": -0.011600928074245944,
    "acc_in_disambig": 0.7268518518518519,
    "bias_score_in_disambig": 0.014245014245014342,
    "token_fee": "0.6257440000000003",
    "generate_token_fee": "0.3585600000000001",
    "dropping_num": 1,
    "iter_time": 0,
    "not_perfect_num_in_mask": 0,
    "not_perfect_num_in_background": 0,
    "ensured_dropping num": 0,
    "acutal_usage_in_mask": 0,
    "acutal_usage_in_background": 0,
    "CoT_actual_usage": 1158
}