{
    "acc_in_ambig": 0.8055555555555556,
    "bias_score_in_ambig": 0.013888888888888881,
    "acc_in_disambig": 0.42592592592592593,
    "bias_score_in_disambig": -0.036363636363636376,
    "token_fee": "0.7480240000000007",
    "generate_token_fee": "0.45858000000000004",
    "dropping_num": 0,
    "iter_time": 0,
    "not_perfect_num_in_mask": 0,
    "not_perfect_num_in_background": 0,
    "ensured_dropping num": 0,
    "acutal_usage_in_mask": 0,
    "acutal_usage_in_background": 0,
    "CoT_actual_usage": 2235
}