{
    "acc_in_ambig": 0.875,
    "bias_score_in_ambig": -0.004629629629629636,
    "acc_in_disambig": 0.7800925925925926,
    "bias_score_in_disambig": -0.050000000000000044,
    "token_fee": "14.750500000000006",
    "generate_token_fee": "1.4527579999999922",
    "dropping_num": 0,
    "iter_time": 0,
    "not_perfect_num_in_mask": 3,
    "not_perfect_num_in_background": 4,
    "ensured_dropping num": 0,
    "acutal_usage_in_mask": 1023,
    "acutal_usage_in_background": 977,
    "CoT_actual_usage": 0
}