{
    "acc_in_ambig": 0.7476851851851852,
    "bias_score_in_ambig": 0.006944444444444458,
    "acc_in_disambig": 0.6944444444444444,
    "bias_score_in_disambig": -0.0028328611898017497,
    "token_fee": "0.18566799999999997",
    "generate_token_fee": "0.007223999999999888",
    "dropping_num": 0,
    "iter_time": 0,
    "not_perfect_num_in_mask": 0,
    "not_perfect_num_in_background": 0,
    "ensured_dropping num": 0,
    "acutal_usage_in_mask": 0,
    "acutal_usage_in_background": 0,
    "CoT_actual_usage": 0
}