{
    "acc_in_ambig": 0.7615740740740741,
    "bias_score_in_ambig": 0.02546296296296295,
    "acc_in_disambig": 0.6759259259259259,
    "bias_score_in_disambig": -0.06779661016949157,
    "token_fee": "0.1910939999999998",
    "generate_token_fee": "0.007415999999999892",
    "dropping_num": 0,
    "iter_time": 0,
    "not_perfect_num_in_mask": 0,
    "not_perfect_num_in_background": 0,
    "ensured_dropping num": 0,
    "acutal_usage_in_mask": 0,
    "acutal_usage_in_background": 0,
    "CoT_actual_usage": 0
}