{
    "acc_in_ambig": 0.7615740740740741,
    "bias_score_in_ambig": 0.020833333333333325,
    "acc_in_disambig": 0.6960556844547564,
    "bias_score_in_disambig": -0.008450704225352101,
    "token_fee": "0.19232600000000022",
    "generate_token_fee": "0.007605999999999878",
    "dropping_num": 0,
    "iter_time": 0,
    "not_perfect_num_in_mask": 0,
    "not_perfect_num_in_background": 0,
    "ensured_dropping num": 0,
    "acutal_usage_in_mask": 0,
    "acutal_usage_in_background": 0,
    "CoT_actual_usage": 0
}