{
    "acc_in_ambig": 0.8352668213457076,
    "bias_score_in_ambig": 0.006960556844547556,
    "acc_in_disambig": 0.7106481481481481,
    "bias_score_in_disambig": 0.0028985507246377384,
    "token_fee": "0.6181799999999992",
    "generate_token_fee": "0.36029000000000055",
    "dropping_num": 1,
    "iter_time": 0,
    "not_perfect_num_in_mask": 0,
    "not_perfect_num_in_background": 0,
    "ensured_dropping num": 0,
    "acutal_usage_in_mask": 0,
    "acutal_usage_in_background": 0,
    "CoT_actual_usage": 1133
}