{
    "acc_in_ambig": 0.7638888888888888,
    "bias_score_in_ambig": -0.013888888888888895,
    "acc_in_disambig": 0.691415313225058,
    "bias_score_in_disambig": -0.03151862464183386,
    "token_fee": "0.19443000000000002",
    "generate_token_fee": "0.0074719999999998945",
    "dropping_num": 0,
    "iter_time": 0,
    "not_perfect_num_in_mask": 0,
    "not_perfect_num_in_background": 0,
    "ensured_dropping num": 0,
    "acutal_usage_in_mask": 0,
    "acutal_usage_in_background": 0,
    "CoT_actual_usage": 0
}