{
    "acc_in_ambig": 0.7962962962962963,
    "bias_score_in_ambig": 0.05555555555555555,
    "acc_in_disambig": 0.8695652173913043,
    "bias_score_in_disambig": 0.20930232558139528,
    "token_fee": "0.7789679999999998$"
}