{
    "acc_in_ambig": 0.7407407407407407,
    "bias_score_in_ambig": 0.14814814814814817,
    "acc_in_disambig": 0.9565217391304348,
    "bias_score_in_disambig": 0.2272727272727273,
    "token_fee": "0.7706580000000003$"
}