{
    "acc_in_ambig": 0.8148148148148148,
    "bias_score_in_ambig": 0.0,
    "acc_in_disambig": 0.9347826086956522,
    "bias_score_in_disambig": 0.16279069767441867,
    "token_fee": "0.7575899999999999$"
}