{
    "acc_in_ambig": 0.7962962962962963,
    "bias_score_in_ambig": -0.05555555555555555,
    "acc_in_disambig": 0.8913043478260869,
    "bias_score_in_disambig": 0.09090909090909083,
    "token_fee": "1.461777999999999$"
}