{
    "acc_in_ambig": 0.3855421686746988,
    "bias_score_in_ambig": 0.11646586345381525,
    "acc_in_disambig": 0.9478957915831663,
    "bias_score_in_disambig": 0.018329938900203624,
    "token_fee": "0.2110680000000002",
    "generate_token_fee": "0.009685999999999922",
    "dropping_num": 0,
    "iter_time": 0,
    "not_perfect_num_in_mask": 0,
    "not_perfect_num_in_background": 0,
    "\u6700\u6b63\u786e\u7684dropping num": 0
}