{
    "acc_in_ambig": 0.51,
    "bias_score_in_ambig": 0.06600000000000003,
    "acc_in_disambig": 0.862,
    "bias_score_in_disambig": 0.023060796645702375,
    "token_fee": "0.20912200000000006",
    "generate_token_fee": "0.009097999999999938",
    "dropping_num": 0,
    "iter_time": 0,
    "not_perfect_num_in_mask": 0,
    "not_perfect_num_in_background": 0,
    "\u6700\u6b63\u786e\u7684dropping num": 0
}