{
    "acc_in_ambig": 0.372,
    "bias_score_in_ambig": 0.17999999999999997,
    "acc_in_disambig": 0.594,
    "bias_score_in_disambig": -0.01728395061728394,
    "token_fee": "1.1409460000000022",
    "generate_token_fee": "0.5634280000000007",
    "dropping_num": 0,
    "iter_time": 0
}