{
    "acc_in_ambig": 0.358,
    "bias_score_in_ambig": 0.07399999999999994,
    "acc_in_disambig": 0.574,
    "bias_score_in_disambig": 0.060913705583756306,
    "token_fee": "3.47622",
    "generate_token_fee": "1.7241079999999895",
    "dropping_num": 0,
    "iter_time": 0
}