{
    "acc_in_ambig": 0.35,
    "bias_score_in_ambig": 0.11800000000000008,
    "acc_in_disambig": 0.556,
    "bias_score_in_disambig": -0.0330788804071247,
    "token_fee": "0.5666400000000009",
    "generate_token_fee": "0.28038200000000013",
    "dropping_num": 0,
    "iter_time": 0
}