{
    "acc_in_ambig": 0.378,
    "bias_score_in_ambig": 0.07399999999999995,
    "acc_in_disambig": 0.552,
    "bias_score_in_disambig": 0.1020408163265305,
    "token_fee": "2.3033059999999987",
    "generate_token_fee": "1.1461639999999966",
    "dropping_num": 0,
    "iter_time": 0
}