{
    "acc_in_ambig": 0.9192708333333334,
    "bias_score_in_ambig": -0.015624999999999997,
    "acc_in_disambig": 0.9767141009055628,
    "bias_score_in_disambig": -0.06878306878306883,
    "token_fee": "41.58875999999967",
    "generate_token_fee": "2.846474000000031",
    "dropping_num": 15,
    "iter_time": 0,
    "not_perfect_num_in_mask": 42,
    "not_perfect_num_in_background": 0,
    "ensured_dropping num": 0,
    "acutal_usage_in_mask": 4810,
    "acutal_usage_in_background": 1681,
    "CoT_actual_usage": 0,
    "bad_masking": 4,
    "bad_background": 45
}