{
    "acc_in_ambig": 0.6097402597402597,
    "bias_score_in_ambig": 0.11623376623376623,
    "acc_in_disambig": 0.9012987012987013,
    "bias_score_in_disambig": 0.012178619756427533,
    "token_fee": "0.9609520000000014",
    "generate_token_fee": "0.2355540000000036",
    "dropping_num": 0,
    "iter_time": 0,
    "not_perfect_num_in_mask": 0,
    "not_perfect_num_in_background": 0,
    "ensured_dropping num": 0,
    "acutal_usage_in_mask": 0,
    "acutal_usage_in_background": 0,
    "CoT_actual_usage": 3318,
    "bad_masking": 0,
    "bad_background": 0
}