{
    "acc_in_ambig": 0.9244186046511628,
    "bias_score_in_ambig": 0.010465116279069767,
    "acc_in_disambig": 0.5380813953488373,
    "bias_score_in_disambig": 0.03209109730848869,
    "token_fee": "1.7353640000000135",
    "generate_token_fee": "0.11621999999999057",
    "dropping_num": 0,
    "iter_time": 0,
    "not_perfect_num_in_mask": 0,
    "not_perfect_num_in_background": 0,
    "ensured_dropping num": 0,
    "acutal_usage_in_mask": 0,
    "acutal_usage_in_background": 0,
    "CoT_actual_usage": 7002,
    "bad_masking": 0,
    "bad_background": 0
}