{
    "acc_in_ambig": 0.8226221079691517,
    "bias_score_in_ambig": -0.012853470437017992,
    "acc_in_disambig": 0.4254498714652956,
    "bias_score_in_disambig": -0.0758928571428571,
    "token_fee": "0.3922559999999986",
    "generate_token_fee": "0.04758800000000064",
    "dropping_num": 0,
    "iter_time": 0,
    "not_perfect_num_in_mask": 0,
    "not_perfect_num_in_background": 0,
    "ensured_dropping num": 0,
    "acutal_usage_in_mask": 0,
    "acutal_usage_in_background": 0,
    "CoT_actual_usage": 1599,
    "bad_masking": 0,
    "bad_background": 0
}