{
    "acc_in_ambig": 0.8494565217391304,
    "bias_score_in_ambig": 0.052717391304347834,
    "acc_in_disambig": 0.9538043478260869,
    "bias_score_in_disambig": -0.048848961257720425,
    "token_fee": "95.62091599999911",
    "generate_token_fee": "7.060820000000132",
    "dropping_num": 0,
    "iter_time": 0,
    "not_perfect_num_in_mask": 3,
    "not_perfect_num_in_background": 0,
    "ensured_dropping num": 0,
    "acutal_usage_in_mask": 11050,
    "acutal_usage_in_background": 3694,
    "CoT_actual_usage": 0,
    "bad_masking": 0,
    "bad_background": 2
}