{
    "acc_in_ambig": 0.9122002820874471,
    "bias_score_in_ambig": 0.10401974612129765,
    "acc_in_disambig": 0.5334978843441467,
    "bias_score_in_disambig": 0.06788990825688068,
    "token_fee": "1.3910780000000025",
    "generate_token_fee": "0.22924000000001674",
    "dropping_num": 0,
    "iter_time": 0,
    "not_perfect_num_in_mask": 0,
    "not_perfect_num_in_background": 0,
    "ensured_dropping num": 0,
    "acutal_usage_in_mask": 0,
    "acutal_usage_in_background": 0,
    "CoT_actual_usage": 5916,
    "bad_masking": 0,
    "bad_background": 0
}