{
    "acc_in_ambig": 0.8367609254498715,
    "bias_score_in_ambig": 0.003856041131105392,
    "acc_in_disambig": 0.4241645244215938,
    "bias_score_in_disambig": -0.1428571428571429,
    "token_fee": "0.38931599999999994",
    "generate_token_fee": "0.055888000000000645",
    "dropping_num": 0,
    "iter_time": 0,
    "not_perfect_num_in_mask": 0,
    "not_perfect_num_in_background": 0,
    "ensured_dropping num": 0,
    "acutal_usage_in_mask": 0,
    "acutal_usage_in_background": 0,
    "CoT_actual_usage": 1589,
    "bad_masking": 0,
    "bad_background": 0
}