{
    "acc_in_ambig": 0.9047619047619048,
    "bias_score_in_ambig": -0.02831402831402831,
    "acc_in_disambig": 0.9741267787839586,
    "bias_score_in_disambig": -0.07692307692307687,
    "token_fee": "38.60655799999977",
    "generate_token_fee": "2.64285000000001",
    "dropping_num": 6,
    "iter_time": 0,
    "not_perfect_num_in_mask": 53,
    "not_perfect_num_in_background": 0,
    "ensured_dropping num": 0,
    "acutal_usage_in_mask": 4814,
    "acutal_usage_in_background": 1586,
    "CoT_actual_usage": 0,
    "bad_masking": 2,
    "bad_background": 33
}