{
    "acc_in_ambig": 0.9922879177377892,
    "bias_score_in_ambig": -0.0025706940874035875,
    "acc_in_disambig": 0.8946015424164524,
    "bias_score_in_disambig": -0.07030129124820661,
    "token_fee": "0.9520959999999993",
    "generate_token_fee": "0.5537100000000001",
    "dropping_num": 0,
    "iter_time": 0,
    "not_perfect_num_in_mask": 0,
    "not_perfect_num_in_background": 0,
    "ensured_dropping num": 0,
    "acutal_usage_in_mask": 0,
    "acutal_usage_in_background": 0,
    "CoT_actual_usage": 1582
}