{
    "acc_in_ambig": 0.7544987146529563,
    "bias_score_in_ambig": -0.06041131105398458,
    "acc_in_disambig": 0.9383033419023136,
    "bias_score_in_disambig": -0.08991825613079019,
    "token_fee": "0.3299579999999999",
    "generate_token_fee": "0.040382000000000355",
    "dropping_num": 0,
    "iter_time": 0,
    "not_perfect_num_in_mask": 0,
    "not_perfect_num_in_background": 0,
    "ensured_dropping num": 0,
    "acutal_usage_in_mask": 0,
    "acutal_usage_in_background": 0,
    "CoT_actual_usage": 0
}