{
    "acc_in_ambig": 0.6689814814814815,
    "bias_score_in_ambig": -0.00231481481481481,
    "acc_in_disambig": 0.7777777777777778,
    "bias_score_in_disambig": 0.005347593582887722,
    "token_fee": "0.18017399999999997",
    "generate_token_fee": "0.007447999999999886",
    "dropping_num": 0,
    "iter_time": 0,
    "not_perfect_num_in_mask": 0,
    "not_perfect_num_in_background": 0,
    "ensured_dropping num": 0,
    "acutal_usage_in_mask": 0,
    "acutal_usage_in_background": 0,
    "CoT_actual_usage": 0,
    "bad_masking": 0,
    "bad_background": 0
}