{
    "acc_in_ambig": 0.9533333333333334,
    "bias_score_in_ambig": 0.009999999999999988,
    "acc_in_disambig": 0.36666666666666664,
    "bias_score_in_disambig": 0.020576131687242816,
    "token_fee": "0.30452799999999985",
    "generate_token_fee": "0.033708000000000043",
    "dropping_num": 0,
    "iter_time": 0,
    "not_perfect_num_in_mask": 0,
    "not_perfect_num_in_background": 0,
    "ensured_dropping num": 0,
    "acutal_usage_in_mask": 0,
    "acutal_usage_in_background": 0,
    "CoT_actual_usage": 1219,
    "bad_masking": 0,
    "bad_background": 0
}