{
    "acc_in_ambig": 0.5358695652173913,
    "bias_score_in_ambig": 0.12173913043478266,
    "acc_in_disambig": 0.9222826086956522,
    "bias_score_in_disambig": -0.03023516237402013,
    "token_fee": "1.2302539999999986",
    "generate_token_fee": "0.3510340000000071",
    "dropping_num": 0,
    "iter_time": 0,
    "not_perfect_num_in_mask": 0,
    "not_perfect_num_in_background": 0,
    "ensured_dropping num": 0,
    "acutal_usage_in_mask": 0,
    "acutal_usage_in_background": 0,
    "CoT_actual_usage": 4058,
    "bad_masking": 0,
    "bad_background": 0
}