{
    "acc_in_ambig": 0.8148255813953489,
    "bias_score_in_ambig": 0.004941860465116289,
    "acc_in_disambig": 0.9139284675777842,
    "bias_score_in_disambig": 0.0045913682277318735,
    "token_fee": "131.26661599999935",
    "generate_token_fee": "9.901109999999795",
    "dropping_num": 1,
    "iter_time": 0,
    "not_perfect_num_in_mask": 0,
    "not_perfect_num_in_background": 0,
    "ensured_dropping num": 0,
    "acutal_usage_in_mask": 20830,
    "acutal_usage_in_background": 0,
    "CoT_actual_usage": 0,
    "bad_masking": 0,
    "bad_background": 0
}