{
    "acc_in_ambig": 0.9741267787839586,
    "bias_score_in_ambig": -0.015523932729624844,
    "acc_in_disambig": 0.9832904884318766,
    "bias_score_in_disambig": -0.06928104575163396,
    "token_fee": "30.03400599999991",
    "generate_token_fee": "2.2558319999999994",
    "dropping_num": 5,
    "iter_time": 0,
    "not_perfect_num_in_mask": 42,
    "not_perfect_num_in_background": 0,
    "ensured_dropping num": 0,
    "acutal_usage_in_mask": 4819,
    "acutal_usage_in_background": 0,
    "CoT_actual_usage": 0,
    "bad_masking": 3,
    "bad_background": 0
}