{
    "acc_in_ambig": 0.8347826086956521,
    "bias_score_in_ambig": 0.007608695652173912,
    "acc_in_disambig": 0.5967391304347827,
    "bias_score_in_disambig": -0.02014504431909747,
    "token_fee": "1.0482000000000045",
    "generate_token_fee": "0.1399739999999996",
    "dropping_num": 0,
    "iter_time": 0,
    "not_perfect_num_in_mask": 0,
    "not_perfect_num_in_background": 0,
    "ensured_dropping num": 0,
    "acutal_usage_in_mask": 0,
    "acutal_usage_in_background": 0,
    "CoT_actual_usage": 3814,
    "bad_masking": 0,
    "bad_background": 0
}