{
    "acc_in_ambig": 0.9108391608391608,
    "bias_score_in_ambig": 0.0337995337995338,
    "acc_in_disambig": 0.46445221445221446,
    "bias_score_in_disambig": 0.06581986143187057,
    "token_fee": "1.7298100000000047",
    "generate_token_fee": "0.2189220000000177",
    "dropping_num": 0,
    "iter_time": 0,
    "not_perfect_num_in_mask": 0,
    "not_perfect_num_in_background": 0,
    "ensured_dropping num": 0,
    "acutal_usage_in_mask": 0,
    "acutal_usage_in_background": 0,
    "CoT_actual_usage": 6987,
    "bad_masking": 0,
    "bad_background": 0
}