{
    "acc_in_ambig": 0.7543478260869565,
    "bias_score_in_ambig": -0.039130434782608706,
    "acc_in_disambig": 0.9782608695652174,
    "bias_score_in_disambig": -0.03977900552486191,
    "token_fee": "94.28252800000034",
    "generate_token_fee": "7.288342000000032",
    "dropping_num": 0,
    "iter_time": 0,
    "not_perfect_num_in_mask": 7,
    "not_perfect_num_in_background": 0,
    "ensured_dropping num": 0,
    "acutal_usage_in_mask": 11057,
    "acutal_usage_in_background": 3694,
    "CoT_actual_usage": 0,
    "bad_masking": 0,
    "bad_background": 0
}