{
    "acc_in_ambig": 0.7596401028277635,
    "bias_score_in_ambig": -0.060411311053984576,
    "acc_in_disambig": 0.9408740359897172,
    "bias_score_in_disambig": -0.08819538670284943,
    "token_fee": "0.3302799999999999",
    "generate_token_fee": "0.040704000000000476",
    "dropping_num": 0,
    "iter_time": 0,
    "not_perfect_num_in_mask": 0,
    "not_perfect_num_in_background": 0,
    "ensured_dropping num": 0,
    "acutal_usage_in_mask": 0,
    "acutal_usage_in_background": 0,
    "CoT_actual_usage": 0
}