{
    "acc_in_ambig": 0.5637065637065637,
    "bias_score_in_ambig": -0.016731016731016724,
    "acc_in_disambig": 0.7737789203084833,
    "bias_score_in_disambig": -0.11489361702127665,
    "token_fee": "0.4748519999999992",
    "generate_token_fee": "0.15620599999999898",
    "dropping_num": 1,
    "iter_time": 0,
    "not_perfect_num_in_mask": 0,
    "not_perfect_num_in_background": 0,
    "ensured_dropping num": 0,
    "acutal_usage_in_mask": 0,
    "acutal_usage_in_background": 0,
    "CoT_actual_usage": 1672,
    "bad_masking": 0,
    "bad_background": 0
}