{
    "acc_in_ambig": 0.8646739130434783,
    "bias_score_in_ambig": 0.021195652173913032,
    "acc_in_disambig": 0.5809782608695652,
    "bias_score_in_disambig": -0.042622950819672156,
    "token_fee": "1.0357219999999938",
    "generate_token_fee": "0.105829999999998",
    "dropping_num": 0,
    "iter_time": 0,
    "not_perfect_num_in_mask": 0,
    "not_perfect_num_in_background": 0,
    "ensured_dropping num": 0,
    "acutal_usage_in_mask": 0,
    "acutal_usage_in_background": 0,
    "CoT_actual_usage": 3831,
    "bad_masking": 0,
    "bad_background": 0
}