{
    "acc_in_ambig": 0.6534883720930232,
    "bias_score_in_ambig": 0.0029069767441860135,
    "acc_in_disambig": 0.8892441860465117,
    "bias_score_in_disambig": -0.0048367593712213,
    "token_fee": "61.00798999999979",
    "generate_token_fee": "4.043795999999894",
    "dropping_num": 0,
    "iter_time": 0,
    "not_perfect_num_in_mask": 0,
    "not_perfect_num_in_background": 0,
    "ensured_dropping num": 0,
    "acutal_usage_in_mask": 0,
    "acutal_usage_in_background": 8978,
    "CoT_actual_usage": 0,
    "bad_masking": 0,
    "bad_background": 66
}