{
    "acc_in_ambig": 0.6773778920308483,
    "bias_score_in_ambig": -0.042416452442159386,
    "acc_in_disambig": 0.7956298200514139,
    "bias_score_in_disambig": -0.11018131101813111,
    "token_fee": "39.60925000000003",
    "generate_token_fee": "2.7666820000000207",
    "dropping_num": 0,
    "iter_time": 0,
    "not_perfect_num_in_mask": 54,
    "not_perfect_num_in_background": 0,
    "ensured_dropping num": 0,
    "acutal_usage_in_mask": 4972,
    "acutal_usage_in_background": 1566,
    "CoT_actual_usage": 0,
    "bad_masking": 0,
    "bad_background": 0
}