{
    "acc_in_ambig": 0.7850335333568655,
    "bias_score_in_ambig": 0.09848217437345569,
    "acc_in_disambig": 0.8808180535966149,
    "bias_score_in_disambig": -0.05811773528308961,
    "token_fee": "32.71165199999991",
    "generate_token_fee": "1.8175040000000018",
    "dropping_num": 3,
    "iter_time": 0,
    "not_perfect_num_in_mask": 0,
    "not_perfect_num_in_background": 0,
    "ensured_dropping num": 0,
    "acutal_usage_in_mask": 0,
    "acutal_usage_in_background": 5676,
    "CoT_actual_usage": 0,
    "bad_masking": 0,
    "bad_background": 76
}