{
    "acc_in_ambig": 0.9157925407925408,
    "bias_score_in_ambig": 0.041083916083916074,
    "acc_in_disambig": 0.5203962703962703,
    "bias_score_in_disambig": 0.040752351097178785,
    "token_fee": "1.7181899999999757",
    "generate_token_fee": "0.16290800000000577",
    "dropping_num": 0,
    "iter_time": 0,
    "not_perfect_num_in_mask": 0,
    "not_perfect_num_in_background": 0,
    "ensured_dropping num": 0,
    "acutal_usage_in_mask": 0,
    "acutal_usage_in_background": 0,
    "CoT_actual_usage": 7012,
    "bad_masking": 0,
    "bad_background": 0
}