{
    "acc_in_ambig": 0.7506426735218509,
    "bias_score_in_ambig": -0.06169665809768638,
    "acc_in_disambig": 0.9370179948586118,
    "bias_score_in_disambig": -0.0842391304347826,
    "token_fee": "0.3297659999999997",
    "generate_token_fee": "0.04019000000000035",
    "dropping_num": 0,
    "iter_time": 0,
    "not_perfect_num_in_mask": 0,
    "not_perfect_num_in_background": 0,
    "ensured_dropping num": 0,
    "acutal_usage_in_mask": 0,
    "acutal_usage_in_background": 0,
    "CoT_actual_usage": 0
}