{
    "acc_in_ambig": 0.9583333333333334,
    "bias_score_in_ambig": 0.021666666666666647,
    "acc_in_disambig": 0.43333333333333335,
    "bias_score_in_disambig": 0.050724637681159424,
    "token_fee": "0.31073999999999913",
    "generate_token_fee": "0.028027999999999855",
    "dropping_num": 0,
    "iter_time": 0,
    "not_perfect_num_in_mask": 0,
    "not_perfect_num_in_background": 0,
    "ensured_dropping num": 0,
    "acutal_usage_in_mask": 0,
    "acutal_usage_in_background": 0,
    "CoT_actual_usage": 1243,
    "bad_masking": 0,
    "bad_background": 0
}