{
    "acc_in_ambig": 0.9244186046511628,
    "bias_score_in_ambig": 0.0005813953488372075,
    "acc_in_disambig": 0.5061046511627907,
    "bias_score_in_disambig": 0.02076502732240426,
    "token_fee": "1.7516360000000073",
    "generate_token_fee": "0.17203200000000937",
    "dropping_num": 0,
    "iter_time": 0,
    "not_perfect_num_in_mask": 0,
    "not_perfect_num_in_background": 0,
    "ensured_dropping num": 0,
    "acutal_usage_in_mask": 0,
    "acutal_usage_in_background": 0,
    "CoT_actual_usage": 7006,
    "bad_masking": 0,
    "bad_background": 0
}