{
    "acc_in_ambig": 0.6696891191709845,
    "bias_score_in_ambig": -0.03756476683937825,
    "acc_in_disambig": 0.7849740932642487,
    "bias_score_in_disambig": -0.12482468443197758,
    "token_fee": "43.86819400000009",
    "generate_token_fee": "3.008638000000018",
    "dropping_num": 12,
    "iter_time": 0,
    "not_perfect_num_in_mask": 53,
    "not_perfect_num_in_background": 1,
    "ensured_dropping num": 0,
    "acutal_usage_in_mask": 4965,
    "acutal_usage_in_background": 1860,
    "CoT_actual_usage": 0,
    "bad_masking": 1,
    "bad_background": 11
}