{
    "acc_in_ambig": 0.9555837563451777,
    "bias_score_in_ambig": -0.003807106598984772,
    "acc_in_disambig": 0.28045685279187815,
    "bias_score_in_disambig": -0.017921146953404965,
    "token_fee": "0.42134199999999933",
    "generate_token_fee": "0.052540000000000496",
    "dropping_num": 0,
    "iter_time": 0,
    "not_perfect_num_in_mask": 0,
    "not_perfect_num_in_background": 0,
    "ensured_dropping num": 0,
    "acutal_usage_in_mask": 0,
    "acutal_usage_in_background": 0,
    "CoT_actual_usage": 1593,
    "bad_masking": 0,
    "bad_background": 0
}