{
    "acc_in_ambig": 0.9034749034749034,
    "bias_score_in_ambig": -0.03217503217503219,
    "acc_in_disambig": 0.9768339768339769,
    "bias_score_in_disambig": -0.07509881422924902,
    "token_fee": "38.35373999999966",
    "generate_token_fee": "2.627134000000006",
    "dropping_num": 2,
    "iter_time": 0,
    "not_perfect_num_in_mask": 36,
    "not_perfect_num_in_background": 0,
    "ensured_dropping num": 0,
    "acutal_usage_in_mask": 4790,
    "acutal_usage_in_background": 1568,
    "CoT_actual_usage": 0,
    "bad_masking": 3,
    "bad_background": 1
}