{
    "acc_in_ambig": 0.9203084832904884,
    "bias_score_in_ambig": -0.0154241645244216,
    "acc_in_disambig": 0.9498714652956298,
    "bias_score_in_disambig": -0.06630581867388363,
    "token_fee": "0.7219939999999996",
    "generate_token_fee": "0.42432799999999954",
    "dropping_num": 0,
    "iter_time": 0,
    "not_perfect_num_in_mask": 0,
    "not_perfect_num_in_background": 0,
    "ensured_dropping num": 0,
    "acutal_usage_in_mask": 0,
    "acutal_usage_in_background": 0,
    "CoT_actual_usage": 1605
}