{
    "acc_in_ambig": 0.9125964010282777,
    "bias_score_in_ambig": -0.02570694087403598,
    "acc_in_disambig": 0.9550128534704371,
    "bias_score_in_disambig": -0.06989247311827962,
    "token_fee": "0.719608000000002",
    "generate_token_fee": "0.421525999999999",
    "dropping_num": 0,
    "iter_time": 0,
    "not_perfect_num_in_mask": 0,
    "not_perfect_num_in_background": 0,
    "ensured_dropping num": 0,
    "acutal_usage_in_mask": 0,
    "acutal_usage_in_background": 0,
    "CoT_actual_usage": 1604
}