{
    "ss": 68.57142857142857,
    "lms": 94.78991596638654,
    "icat": 59.582232893157254,
    "token_fee": 0.34007999999999966,
    "generate_token_fee": 0.13506800000000016,
    "dropping_num": 5,
    "imperfect_mask": 0,
    "imperfect_background": 0,
    "actual_asking_for_answer": 890,
    "Masking_actual_usage": 0,
    "rechecked_dropping": 5
}