{
    "ss": 72.95492487479132,
    "lms": 95.65943238731218,
    "icat": 51.74233070699357,
    "token_fee": 0.33012600000000003,
    "generate_token_fee": 0.12059800000000019,
    "dropping_num": 1,
    "imperfect_mask": 0,
    "imperfect_background": 0,
    "actual_asking_for_answer": 897,
    "Masking_actual_usage": 0,
    "rechecked_dropping": 1
}