{
    "ss": 50.66666666666667,
    "lms": 96.0,
    "icat": 94.72,
    "token_fee": 0.4784220000000002,
    "generate_token_fee": 0.055977999999999986,
    "dropping_num": 0,
    "imperfect_mask": 0,
    "imperfect_background": 0,
    "actual_asking_for_answer": 188,
    "Masking_actual_usage": 86,
    "rechecked_dropping": 0
}