{
    "ss": 72.0,
    "lms": 90.66666666666666,
    "icat": 50.77333333333333,
    "token_fee": 0.052777999999999985,
    "generate_token_fee": 0.012582,
    "dropping_num": 0,
    "imperfect_mask": 0,
    "imperfect_background": 0,
    "actual_asking_for_answer": 209,
    "Masking_actual_usage": 0
}