{
    "ss": 65.16666666666666,
    "lms": 91.16666666666666,
    "icat": 63.51277777777779,
    "token_fee": 0.27236000000000016,
    "generate_token_fee": 0.06055600000000001,
    "dropping_num": 0,
    "imperfect_mask": 0,
    "imperfect_background": 0,
    "actual_asking_for_answer": 750,
    "Masking_actual_usage": 0,
    "rechecked_dropping": 0
}