{
    "ss": 0.9166666666666666,
    "lms": 0.9166666666666666,
    "icat": 0.016805555555555556,
    "token_fee": 0.0017919999999999995,
    "generate_token_fee": 0.00017199999999999995,
    "dropping_num": 0,
    "imperfect_mask": 0,
    "imperfect_background": 0,
    "actual_asking_for_answer": 12
}