{
    "ss": 49.333333333333336,
    "lms": 84.66666666666667,
    "icat": 83.53777777777779,
    "token_fee": 0.5464220000000005,
    "generate_token_fee": 0.06580999999999998,
    "dropping_num": 0,
    "imperfect_mask": 12,
    "imperfect_background": 0,
    "actual_asking_for_answer": 179,
    "Masking_actual_usage": 99,
    "rechecked_dropping": 0
}