{
    "ss": 79.33333333333333,
    "lms": 98.66666666666667,
    "icat": 40.78222222222224,
    "token_fee": 0.038456,
    "generate_token_fee": 0.006952000000000002,
    "dropping_num": 0,
    "imperfect_mask": 0,
    "imperfect_background": 0,
    "actual_asking_for_answer": 159,
    "Masking_actual_usage": 0
}