{
    "ss": 58.333333333333336,
    "lms": 58.333333333333336,
    "icat": 48.61111111111111,
    "token_fee": 0.004578,
    "generate_token_fee": 0.001074,
    "dropping_num": 0,
    "imperfect_mask": 0,
    "imperfect_background": 0,
    "actual_asking_for_answer": 25
}