{
    "ss": 50.0,
    "lms": 66.66666666666666,
    "icat": 66.66666666666666,
    "token_fee": 0.006432000000000001,
    "generate_token_fee": 0.0018139999999999999,
    "dropping_num": 0,
    "imperfect_mask": 0,
    "imperfect_background": 0,
    "actual_asking_for_answer": 29
}