{
    "acc_in_ambig": 0.514,
    "bias_score_in_ambig": 0.030000000000000023,
    "acc_in_disambig": 0.85,
    "bias_score_in_disambig": 0.017021276595744705,
    "token_fee": "0.2046360000000002",
    "generate_token_fee": "0.009281999999999938",
    "dropping_num": 0,
    "iter_time": 0,
    "not_perfect_num_in_mask": 0,
    "not_perfect_num_in_background": 0,
    "\u6700\u6b63\u786e\u7684dropping num": 1000
}