{
    "acc_in_ambig": 0.774,
    "bias_score_in_ambig": -0.00999999999999999,
    "acc_in_disambig": 0.5682730923694779,
    "bias_score_in_disambig": -0.033639143730886834,
    "token_fee": "0.7948519999999986",
    "generate_token_fee": "0.41280200000000145",
    "dropping_num": 6,
    "iter_time": 0,
    "not_perfect_num_in_mask": 12,
    "not_perfect_num_in_background": 72
}