{
    "acc_in_ambig": 0.3587174348697395,
    "bias_score_in_ambig": 0.07214428857715434,
    "acc_in_disambig": 0.9418837675350702,
    "bias_score_in_disambig": 0.010141987829614507,
    "token_fee": "0.21329400000000015",
    "generate_token_fee": "0.009779999999999914",
    "dropping_num": 0,
    "iter_time": 0,
    "not_perfect_num_in_mask": 0,
    "not_perfect_num_in_background": 0
}