{
    "acc_in_ambig": 0.7755511022044088,
    "bias_score_in_ambig": 0.06012024048096191,
    "acc_in_disambig": 0.8108651911468813,
    "bias_score_in_disambig": 0.03508771929824572,
    "token_fee": "18.649337999999965",
    "generate_token_fee": "1.716731999999987",
    "dropping_num": 4,
    "iter_time": 0,
    "not_perfect_num_in_mask": 12,
    "not_perfect_num_in_background": 72
}