{
    "acc_in_ambig": 0.6471774193548387,
    "bias_score_in_ambig": 0.1310483870967742,
    "acc_in_disambig": 0.9018036072144289,
    "bias_score_in_disambig": -0.026694045174537995,
    "token_fee": "18.07878800000001",
    "generate_token_fee": "1.3243800000000059",
    "dropping_num": 10,
    "iter_time": 0,
    "not_perfect_num_in_mask": 22,
    "not_perfect_num_in_background": 0
}