{
    "acc_in_ambig": 0.3534136546184739,
    "bias_score_in_ambig": 0.09638554216867475,
    "acc_in_disambig": 0.9418837675350702,
    "bias_score_in_disambig": 0.03252032520325199,
    "token_fee": "0.21460000000000012",
    "generate_token_fee": "0.009713999999999928",
    "dropping_num": 0,
    "iter_time": 0,
    "not_perfect_num_in_mask": 0,
    "not_perfect_num_in_background": 0
}