{
    "acc_in_ambig": 0.514,
    "bias_score_in_ambig": 0.08999999999999997,
    "acc_in_disambig": 0.848,
    "bias_score_in_disambig": -0.021097046413502074,
    "token_fee": "0.21203400000000022",
    "generate_token_fee": "0.009231999999999931",
    "dropping_num": 0,
    "iter_time": 0,
    "not_perfect_num_in_mask": 0,
    "not_perfect_num_in_background": 0,
    "\u6700\u6b63\u786e\u7684dropping num": 1000
}