{
    "acc_in_ambig": 0.7675350701402806,
    "bias_score_in_ambig": 0.06412825651302607,
    "acc_in_disambig": 0.798,
    "bias_score_in_disambig": 0.015250544662309462,
    "token_fee": "19.795833999999974",
    "generate_token_fee": "1.704783999999996",
    "dropping_num": 1,
    "iter_time": 0,
    "not_perfect_num_in_mask": 13,
    "not_perfect_num_in_background": 74
}