{
    "acc_in_ambig": 0.434640522875817,
    "bias_score_in_ambig": 0.09477124183006534,
    "acc_in_disambig": 0.88113413304253,
    "bias_score_in_disambig": -0.02166476624857472,
    "token_fee": "49.80497800000034",
    "generate_token_fee": "4.107825999999961",
    "dropping_num": 14,
    "iter_time": 0,
    "not_perfect_num_in_mask": 5,
    "not_perfect_num_in_background": 0,
    "ensured_dropping num": 0,
    "acutal_usage_in_mask": 3976,
    "acutal_usage_in_background": 4161,
    "CoT_actual_usage": 0
}