{
    "acc_in_ambig": 0.33369565217391306,
    "bias_score_in_ambig": 0.10652173913043472,
    "acc_in_disambig": 0.8543478260869565,
    "bias_score_in_disambig": -0.009977827050997812,
    "token_fee": "0.829409999999994",
    "generate_token_fee": "0.03294200000000072",
    "dropping_num": 0,
    "iter_time": 0,
    "not_perfect_num_in_mask": 0,
    "not_perfect_num_in_background": 0,
    "ensured_dropping num": 0,
    "acutal_usage_in_mask": 0,
    "acutal_usage_in_background": 0,
    "CoT_actual_usage": 0
}