{
    "acc_in_ambig": 0.6398258977149075,
    "bias_score_in_ambig": 0.05331882480957562,
    "acc_in_disambig": 0.861974904528096,
    "bias_score_in_disambig": -0.056192660550458684,
    "token_fee": "49.82009399999991",
    "generate_token_fee": "3.8523899999999607",
    "dropping_num": 15,
    "iter_time": 0,
    "not_perfect_num_in_mask": 2,
    "not_perfect_num_in_background": 0,
    "ensured_dropping num": 0,
    "acutal_usage_in_mask": 3999,
    "acutal_usage_in_background": 3931,
    "CoT_actual_usage": 0
}