{
    "acc_in_ambig": 0.33804347826086956,
    "bias_score_in_ambig": 0.1434782608695652,
    "acc_in_disambig": 0.8543478260869565,
    "bias_score_in_disambig": 0.0027578599007169746,
    "token_fee": "0.8356839999999923",
    "generate_token_fee": "0.0330400000000006",
    "dropping_num": 0,
    "iter_time": 0,
    "not_perfect_num_in_mask": 0,
    "not_perfect_num_in_background": 0,
    "ensured_dropping num": 0,
    "acutal_usage_in_mask": 0,
    "acutal_usage_in_background": 0,
    "CoT_actual_usage": 0
}