{
    "acc_in_ambig": 0.5340599455040872,
    "bias_score_in_ambig": -0.035422343324250705,
    "acc_in_disambig": 0.8723404255319149,
    "bias_score_in_disambig": -0.04620650313747865,
    "token_fee": "49.97999400000009",
    "generate_token_fee": "4.142539999999978",
    "dropping_num": 16,
    "iter_time": 0,
    "not_perfect_num_in_mask": 5,
    "not_perfect_num_in_background": 0,
    "ensured_dropping num": 0,
    "acutal_usage_in_mask": 3992,
    "acutal_usage_in_background": 4172,
    "CoT_actual_usage": 0
}