{
    "acc_in_ambig": 0.641653072321914,
    "bias_score_in_ambig": -0.00924415443175638,
    "acc_in_disambig": 0.833968426782798,
    "bias_score_in_disambig": -0.04207492795389045,
    "token_fee": "38.60442999999985",
    "generate_token_fee": "5.353521999999912",
    "dropping_num": 4,
    "iter_time": 0,
    "not_perfect_num_in_mask": 19,
    "not_perfect_num_in_background": 0,
    "ensured_dropping num": 0,
    "acutal_usage_in_mask": 4463,
    "acutal_usage_in_background": 0,
    "CoT_actual_usage": 0
}