{
    "acc_in_ambig": 0.6240478781284005,
    "bias_score_in_ambig": 0.0669205658324265,
    "acc_in_disambig": 0.8704409363091998,
    "bias_score_in_disambig": -0.04848830576155161,
    "token_fee": "49.44241400000011",
    "generate_token_fee": "3.833887999999977",
    "dropping_num": 6,
    "iter_time": 0,
    "not_perfect_num_in_mask": 1,
    "not_perfect_num_in_background": 0,
    "ensured_dropping num": 0,
    "acutal_usage_in_mask": 3956,
    "acutal_usage_in_background": 3925,
    "CoT_actual_usage": 0
}