{
    "acc_in_ambig": 0.34891304347826085,
    "bias_score_in_ambig": 0.12717391304347833,
    "acc_in_disambig": 0.8521739130434782,
    "bias_score_in_disambig": 0.01603095632946383,
    "token_fee": "0.825833999999992",
    "generate_token_fee": "0.032502000000000676",
    "dropping_num": 0,
    "iter_time": 0,
    "not_perfect_num_in_mask": 0,
    "not_perfect_num_in_background": 0,
    "ensured_dropping num": 0,
    "acutal_usage_in_mask": 0,
    "acutal_usage_in_background": 0,
    "CoT_actual_usage": 0
}