{
    "acc_in_ambig": 0.5290918977705275,
    "bias_score_in_ambig": 0.05111473626971176,
    "acc_in_disambig": 0.8058727569331158,
    "bias_score_in_disambig": -0.042665108123904116,
    "token_fee": "59.10240399999995",
    "generate_token_fee": "6.326658000000047",
    "dropping_num": 2,
    "iter_time": 0,
    "not_perfect_num_in_mask": 20,
    "not_perfect_num_in_background": 0,
    "ensured_dropping num": 0,
    "acutal_usage_in_mask": 4484,
    "acutal_usage_in_background": 3728,
    "CoT_actual_usage": 0
}