{
    "acc_in_ambig": 0.6092184368737475,
    "bias_score_in_ambig": 0.13827655310621242,
    "acc_in_disambig": 0.932,
    "bias_score_in_disambig": 0.05175983436852993,
    "token_fee": "0.38817799999999986",
    "generate_token_fee": "0.1536100000000001",
    "dropping_num": 1,
    "iter_time": 0,
    "not_perfect_num": 0
}