{
    "acc_in_ambig": 0.634,
    "bias_score_in_ambig": 0.078,
    "acc_in_disambig": 0.742,
    "bias_score_in_disambig": 0.1327014218009479,
    "token_fee": "0.5307740000000003",
    "generate_token_fee": "0.23383400000000037",
    "dropping_num": 0,
    "iter_time": 0,
    "not_perfect_num": 0
}