{
    "acc_in_ambig": 0.798,
    "bias_score_in_ambig": 0.08199999999999996,
    "acc_in_disambig": 0.7675350701402806,
    "bias_score_in_disambig": 0.04250559284116329,
    "token_fee": "19.006242000000046",
    "generate_token_fee": "1.7756839999999896",
    "dropping_num": 1,
    "iter_time": 0,
    "not_perfect_num_in_mask": 11,
    "not_perfect_num_in_background": 81
}