{
    "acc_in_ambig": 0.7008032128514057,
    "bias_score_in_ambig": 0.03012048192771083,
    "acc_in_disambig": 0.8868686868686869,
    "bias_score_in_disambig": 0.04402515723270439,
    "token_fee": "11.783625999999966",
    "generate_token_fee": "1.1075380000000001",
    "dropping_num": 14,
    "iter_time": 0,
    "not_perfect_num": 15
}