{
    "acc_in_ambig": 0.756,
    "bias_score_in_ambig": 0.03999999999999999,
    "acc_in_disambig": 0.774,
    "bias_score_in_disambig": 0.04367816091954024,
    "token_fee": "0.6249960000000001",
    "generate_token_fee": "0.19105000000000133",
    "dropping_num": 0,
    "iter_time": 0
}