{
    "acc_in_ambig": 0.77,
    "bias_score_in_ambig": 0.04200000000000001,
    "acc_in_disambig": 0.78,
    "bias_score_in_disambig": 0.022935779816513735,
    "token_fee": "0.6208159999999985",
    "generate_token_fee": "0.19813600000000123",
    "dropping_num": 1,
    "iter_time": 0
}