{
    "acc_in_ambig": 0.724,
    "bias_score_in_ambig": 0.05600000000000001,
    "acc_in_disambig": 0.738,
    "bias_score_in_disambig": -0.03546099290780147,
    "token_fee": "0.6329779999999992",
    "generate_token_fee": "0.20323800000000106",
    "dropping_num": 1,
    "iter_time": 0
}