{
    "acc_in_ambig": 0.764,
    "bias_score_in_ambig": 0.05999999999999999,
    "acc_in_disambig": 0.742,
    "bias_score_in_disambig": -0.02970297029702973,
    "token_fee": "0.6366379999999987",
    "generate_token_fee": "0.20374000000000114",
    "dropping_num": 3,
    "iter_time": 0
}