{
    "acc_in_ambig": 0.728,
    "bias_score_in_ambig": 0.01999999999999999,
    "acc_in_disambig": 0.781563126252505,
    "bias_score_in_disambig": -0.02117647058823524,
    "token_fee": "0.6379379999999997",
    "generate_token_fee": "0.19958200000000123",
    "dropping_num": 1,
    "iter_time": 0
}