{
    "acc_in_ambig": 0.6953907815631263,
    "bias_score_in_ambig": 0.08416833667334671,
    "acc_in_disambig": 0.728,
    "bias_score_in_disambig": -0.029556650246305383,
    "token_fee": "0.6335799999999996",
    "generate_token_fee": "0.20070600000000144",
    "dropping_num": 4,
    "iter_time": 0
}