{
    "acc_in_ambig": 0.7777777777777778,
    "bias_score_in_ambig": -0.03703703703703703,
    "acc_in_disambig": 0.8478260869565217,
    "bias_score_in_disambig": 0.06666666666666665,
    "token_fee": "0.047599999999999976$",
    "dropping_num": 0
}