{
    "acc_in_ambig": 0.7037037037037037,
    "bias_score_in_ambig": -0.037037037037037035,
    "acc_in_disambig": 0.3695652173913043,
    "bias_score_in_disambig": 0.04347826086956519,
    "token_fee": "0.026038$",
    "dropping_num": 0
}