{
    "acc_in_ambig": 0.7962962962962963,
    "bias_score_in_ambig": -0.018518518518518528,
    "acc_in_disambig": 0.9782608695652174,
    "bias_score_in_disambig": 0.21739130434782616,
    "token_fee": "0.7678819999999994$"
}