{
    "acc_in_ambig": 0.91,
    "bias_score_in_ambig": 0.01,
    "acc_in_disambig": 0.84,
    "bias_score_in_disambig": -0.19047619047619047,
    "token_fee": "0.039139999999999994",
    "generate_token_fee": "0.0009619999999999981",
    "dropping_num": 0,
    "iter_time": 0
}