{
    "acc_in_ambig": 0.7045454545454546,
    "bias_score_in_ambig": -0.02272727272727271,
    "acc_in_disambig": 0.9642857142857143,
    "bias_score_in_disambig": -0.14814814814814814,
    "token_fee": "0.022364000000000002",
    "generate_token_fee": "0.0004319999999999994",
    "dropping_num": 0,
    "iter_time": 0
}