{
    "acc_in_ambig": 0.7350427350427351,
    "bias_score_in_ambig": 0.04273504273504275,
    "acc_in_disambig": 0.9759036144578314,
    "bias_score_in_disambig": -0.03703703703703709,
    "token_fee": "0.04158199999999997",
    "generate_token_fee": "0.0008899999999999982",
    "dropping_num": 0,
    "iter_time": 0
}