{
    "acc_in_ambig": 0.8723404255319149,
    "bias_score_in_ambig": 0.12765957446808507,
    "acc_in_disambig": 0.7169811320754716,
    "bias_score_in_disambig": 0.10526315789473695,
    "token_fee": "0.021859999999999994",
    "generate_token_fee": "0.0006279999999999994",
    "dropping_num": 0,
    "iter_time": 0
}