{
    "acc_in_ambig": 0.88,
    "bias_score_in_ambig": 0.03999999999999999,
    "acc_in_disambig": 0.84,
    "bias_score_in_disambig": 0.09523809523809534,
    "token_fee": "0.02091",
    "generate_token_fee": "0.0005019999999999994",
    "dropping_num": 0,
    "iter_time": 0
}