{
    "acc_in_ambig": 0.96,
    "bias_score_in_ambig": 0.020000000000000018,
    "acc_in_disambig": 0.95,
    "bias_score_in_disambig": -0.11578947368421055,
    "token_fee": "0.04434400000000001",
    "generate_token_fee": "0.001330000000000002",
    "dropping_num": 0,
    "iter_time": 0
}