{
    "acc_in_ambig": 0.361328125,
    "bias_score_in_ambig": 0.08789062500000004,
    "acc_in_disambig": 0.9139344262295082,
    "bias_score_in_disambig": -0.033333333333333326,
    "token_fee": "0.21009000000000014",
    "generate_token_fee": "0.00869799999999996",
    "dropping_num": 0,
    "iter_time": 0
}