{
    "acc_in_ambig": 0.3776908023483366,
    "bias_score_in_ambig": 0.05870841487279843,
    "acc_in_disambig": 0.7474332648870636,
    "bias_score_in_disambig": -0.014018691588784993,
    "token_fee": "0.7672119999999979",
    "generate_token_fee": "0.30062400000000133",
    "dropping_num": 2,
    "iter_time": 0
}