{
    "acc_in_ambig": 0.369140625,
    "bias_score_in_ambig": 0.08398437499999999,
    "acc_in_disambig": 0.5594262295081968,
    "bias_score_in_disambig": 0.03797468354430378,
    "token_fee": "0.6226579999999997$",
    "dropping_num": 0
}