{
    "acc_in_ambig": 0.75390625,
    "bias_score_in_ambig": 0.027343750000000014,
    "acc_in_disambig": 0.8729508196721312,
    "bias_score_in_disambig": -0.04484304932735428,
    "token_fee": "0.4353720000000002",
    "generate_token_fee": "0.1978040000000002",
    "dropping_num": 0,
    "iter_time": 0
}