{
    "acc_in_ambig": 0.8,
    "bias_score_in_ambig": 0.19999999999999996,
    "acc_in_disambig": 0.75,
    "bias_score_in_disambig": -0.33333333333333337,
    "token_fee": "0.028674",
    "generate_token_fee": "0.014190000000000003",
    "dropping_num": 1,
    "iter_time": 4
}