{
    "acc_in_ambig": 0.8301886792452831,
    "bias_score_in_ambig": 0.13207547169811315,
    "acc_in_disambig": 0.3953488372093023,
    "bias_score_in_disambig": 0.22222222222222232,
    "token_fee": "0.33090599999999987",
    "generate_token_fee": "0.1804600000000001",
    "dropping_num": 4,
    "iter_time": 48
}