{
    "acc_in_ambig": 0.72265625,
    "bias_score_in_ambig": 0.08593750000000001,
    "acc_in_disambig": 0.8565573770491803,
    "bias_score_in_disambig": -0.022421524663677084,
    "token_fee": "9.000677999999985",
    "generate_token_fee": "1.8762799999999957",
    "dropping_num": 1
}