{
    "acc_in_ambig": 0.697265625,
    "bias_score_in_ambig": 0.08398437499999997,
    "acc_in_disambig": 0.8524590163934426,
    "bias_score_in_disambig": -0.006651884700665134,
    "token_fee": "7.367842000000014$",
    "dropping_num": 0
}