{
    "acc_in_ambig": 0.8274428274428275,
    "bias_score_in_ambig": -0.010395010395010387,
    "acc_in_disambig": 0.36043956043956044,
    "bias_score_in_disambig": 0.025125628140703515,
    "token_fee": "3.5881879999999975",
    "generate_token_fee": "1.947234000000002",
    "dropping_num": 64,
    "iter_time": 564
}