{
    "acc_in_ambig": 0.7777777777777778,
    "bias_score_in_ambig": 0.0,
    "acc_in_disambig": 0.4888888888888889,
    "bias_score_in_disambig": -0.040000000000000036,
    "token_fee": "0.318984",
    "generate_token_fee": "0.16768200000000003",
    "dropping_num": 1,
    "iter_time": 41
}