{
    "acc_in_ambig": 0.8166666666666667,
    "bias_score_in_ambig": 0.020833333333333315,
    "acc_in_disambig": 0.3880597014925373,
    "bias_score_in_disambig": 0.022831050228310446,
    "token_fee": "3.3150919999999955",
    "generate_token_fee": "1.8401099999999948",
    "dropping_num": 51,
    "iter_time": 497
}