{
    "acc_in_ambig": 0.492,
    "bias_score_in_ambig": 0.128,
    "acc_in_disambig": 0.892,
    "bias_score_in_disambig": 0.05737704918032782,
    "token_fee": "0.20465399999999997",
    "generate_token_fee": "0.013723999999999997",
    "dropping_num": 0,
    "iter_time": 0
}