{
    "acc_in_ambig": 0.462,
    "bias_score_in_ambig": 0.06600000000000003,
    "acc_in_disambig": 0.852,
    "bias_score_in_disambig": -0.04166666666666663,
    "token_fee": "0.2058880000000001",
    "generate_token_fee": "0.014270000000000001",
    "dropping_num": 0,
    "iter_time": 0
}