{
    "acc_in_ambig": 0.506,
    "bias_score_in_ambig": 0.122,
    "acc_in_disambig": 0.858,
    "bias_score_in_disambig": -0.052410901467505266,
    "token_fee": "0.20567199999999997",
    "generate_token_fee": "0.013833999999999999",
    "dropping_num": 0,
    "iter_time": 0
}