{
    "acc_in_ambig": 0.476,
    "bias_score_in_ambig": 0.14400000000000002,
    "acc_in_disambig": 0.902,
    "bias_score_in_disambig": 0.016460905349794164,
    "token_fee": "0.41409000000000057",
    "generate_token_fee": "0.029178000000000117",
    "dropping_num": 0,
    "iter_time": 0
}