{
    "acc_in_ambig": 0.416,
    "bias_score_in_ambig": 0.10000000000000002,
    "acc_in_disambig": 0.872,
    "bias_score_in_disambig": 0.06666666666666665,
    "token_fee": "0.4123300000000005",
    "generate_token_fee": "0.02714800000000016",
    "dropping_num": 0,
    "iter_time": 0
}