{
    "acc_in_ambig": 0.474,
    "bias_score_in_ambig": 0.07800000000000003,
    "acc_in_disambig": 0.876,
    "bias_score_in_disambig": -0.025000000000000022,
    "token_fee": "0.2065759999999998",
    "generate_token_fee": "0.014501999999999978",
    "dropping_num": 0,
    "iter_time": 0
}