{
    "acc_in_ambig": 0.488,
    "bias_score_in_ambig": 0.084,
    "acc_in_disambig": 0.87,
    "bias_score_in_disambig": -0.027027027027026973,
    "token_fee": "0.20600799999999997",
    "generate_token_fee": "0.015022000000000008",
    "dropping_num": 0,
    "iter_time": 0
}