{
    "acc_in_ambig": 0.502,
    "bias_score_in_ambig": 0.12199999999999997,
    "acc_in_disambig": 0.854,
    "bias_score_in_disambig": -0.006237006237006182,
    "token_fee": "0.6178099999999996",
    "generate_token_fee": "0.04261399999999985",
    "dropping_num": 0,
    "iter_time": 0
}