{
    "acc_in_ambig": 0.476,
    "bias_score_in_ambig": 0.11600000000000002,
    "acc_in_disambig": 0.852,
    "bias_score_in_disambig": 0.008333333333333304,
    "token_fee": "0.20530000000000004",
    "generate_token_fee": "0.013805999999999985",
    "dropping_num": 0,
    "iter_time": 0
}