{
    "acc_in_ambig": 0.7409638554216867,
    "bias_score_in_ambig": 0.02610441767068272,
    "acc_in_disambig": 0.55,
    "bias_score_in_disambig": -0.00917431192660545,
    "token_fee": "1.566616000000001",
    "generate_token_fee": "0.815769999999999",
    "dropping_num": 4,
    "iter_time": 0
}