{
    "acc_in_ambig": 0.776,
    "bias_score_in_ambig": 0.0,
    "acc_in_disambig": 0.578,
    "bias_score_in_disambig": 0.0029673590504450953,
    "token_fee": "0.7936139999999995",
    "generate_token_fee": "0.42307400000000045",
    "dropping_num": 0,
    "iter_time": 0
}