{
    "acc_in_ambig": 0.786,
    "bias_score_in_ambig": 0.10199999999999997,
    "acc_in_disambig": 0.6,
    "bias_score_in_disambig": 0.005780346820809301,
    "token_fee": "3.1517239999999944",
    "generate_token_fee": "1.641493999999997",
    "dropping_num": 6,
    "iter_time": 0
}