{
    "acc_in_ambig": 0.748995983935743,
    "bias_score_in_ambig": 0.01004016064257029,
    "acc_in_disambig": 0.558,
    "bias_score_in_disambig": 0.006250000000000089,
    "token_fee": "0.7838340000000008",
    "generate_token_fee": "0.4087180000000003",
    "dropping_num": 2,
    "iter_time": 0
}