{
    "acc_in_ambig": 0.7404426559356136,
    "bias_score_in_ambig": 0.0020120724346076495,
    "acc_in_disambig": 0.586,
    "bias_score_in_disambig": -0.0942249240121581,
    "token_fee": "0.8014220000000005",
    "generate_token_fee": "0.42303800000000097",
    "dropping_num": 3,
    "iter_time": 0
}