{
    "acc_in_ambig": 0.19881889763779528,
    "bias_score_in_ambig": 0.013779527559055187,
    "acc_in_disambig": 0.5010266940451745,
    "bias_score_in_disambig": 0.0,
    "token_fee": "0.3332259999999998$",
    "dropping_num": 5
}