{
    "acc_in_ambig": 0.705078125,
    "bias_score_in_ambig": -0.009765624999999984,
    "acc_in_disambig": 0.24180327868852458,
    "bias_score_in_disambig": -0.19760479041916168,
    "token_fee": "0.26816999999999985$",
    "dropping_num": 0
}