{
    "acc_in_ambig": 0.7092337917485265,
    "bias_score_in_ambig": 0.04715127701375243,
    "acc_in_disambig": 0.7901234567901234,
    "bias_score_in_disambig": -0.034965034965035,
    "token_fee": "0.4853579999999996$",
    "dropping_num": 5
}