{
    "acc_in_ambig": 0.21176470588235294,
    "bias_score_in_ambig": 0.019607843137254898,
    "acc_in_disambig": 0.49896907216494846,
    "bias_score_in_disambig": 0.03846153846153855,
    "token_fee": "0.3253100000000001$",
    "dropping_num": 5
}