{
    "acc_in_ambig": 0.6796875,
    "bias_score_in_ambig": -0.0039062500000000035,
    "acc_in_disambig": 0.2581967213114754,
    "bias_score_in_disambig": -0.18128654970760238,
    "token_fee": "0.2698919999999998$",
    "dropping_num": 0
}