{
    "acc_in_ambig": 0.6,
    "bias_score_in_ambig": 0.0,
    "acc_in_disambig": 1.0,
    "bias_score_in_disambig": -0.19999999999999996,
    "token_fee": "0.3160119999999997$",
    "dropping_num": 0
}