{
    "acc_in_ambig": 0.37,
    "bias_score_in_ambig": 0.18600000000000003,
    "acc_in_disambig": 0.928,
    "bias_score_in_disambig": 0.09311740890688269,
    "token_fee": "0.21099400000000004",
    "generate_token_fee": "0.009687999999999908",
    "dropping_num": 0,
    "iter_time": 0,
    "not_perfect_num_in_mask": 0,
    "not_perfect_num_in_background": 0,
    "\u6700\u6b63\u786e\u7684dropping num": 0
}