{
    "acc_in_ambig": 0.3822937625754527,
    "bias_score_in_ambig": 0.15492957746478864,
    "acc_in_disambig": 0.938,
    "bias_score_in_disambig": 0.08467741935483875,
    "token_fee": "0.2104040000000002",
    "generate_token_fee": "0.009675999999999914",
    "dropping_num": 0,
    "iter_time": 0,
    "not_perfect_num_in_mask": 0,
    "not_perfect_num_in_background": 0,
    "\u6700\u6b63\u786e\u7684dropping num": 0
}