{
    "acc_in_ambig": 0.936,
    "bias_score_in_ambig": 0.03599999999999997,
    "acc_in_disambig": 0.828,
    "bias_score_in_disambig": -0.026506024096385583,
    "token_fee": "0.19682799999999942",
    "generate_token_fee": "0.00512599999999999",
    "dropping_num": 0,
    "iter_time": 0
}