{
    "acc_in_ambig": 0.93,
    "bias_score_in_ambig": 0.03799999999999998,
    "acc_in_disambig": 0.82,
    "bias_score_in_disambig": -0.042857142857142816,
    "token_fee": "0.19787799999999972",
    "generate_token_fee": "0.005249999999999963",
    "dropping_num": 0,
    "iter_time": 0
}