{
    "acc_in_ambig": 0.938,
    "bias_score_in_ambig": 0.04600000000000004,
    "acc_in_disambig": 0.85,
    "bias_score_in_disambig": -0.04872389791183296,
    "token_fee": "0.1955219999999997",
    "generate_token_fee": "0.005117999999999981",
    "dropping_num": 0,
    "iter_time": 0
}