{
    "acc_in_ambig": 0.69,
    "bias_score_in_ambig": 0.05000000000000003,
    "acc_in_disambig": 0.788,
    "bias_score_in_disambig": 0.034324942791762014,
    "token_fee": "3.1208220000000053",
    "generate_token_fee": "1.398679999999985",
    "dropping_num": 4,
    "iter_time": 0
}