{
    "acc_in_ambig": 0.702,
    "bias_score_in_ambig": 0.078,
    "acc_in_disambig": 0.756,
    "bias_score_in_disambig": 0.08490566037735858,
    "token_fee": "3.7664480000000036",
    "generate_token_fee": "1.6821139999999786",
    "dropping_num": 4,
    "iter_time": 0
}