{
    "acc_in_ambig": 0.836,
    "bias_score_in_ambig": 0.09600000000000003,
    "acc_in_disambig": 0.912,
    "bias_score_in_disambig": 0.0304347826086957,
    "token_fee": "0.0001841490000000002",
    "generate_token_fee": "4.1420400000000306e-05",
    "dropping_num": 0,
    "iter_time": 0
}