{
    "acc_in_ambig": 0.792,
    "bias_score_in_ambig": 0.07999999999999997,
    "acc_in_disambig": 0.916,
    "bias_score_in_disambig": -0.08260869565217388,
    "token_fee": "0.0001876840000000001",
    "generate_token_fee": "4.3657600000000305e-05",
    "dropping_num": 0,
    "iter_time": 0
}