{
    "acc_in_ambig": 0.834,
    "bias_score_in_ambig": 0.038,
    "acc_in_disambig": 0.922,
    "bias_score_in_disambig": -0.030042918454935674,
    "token_fee": "0.00018697980000000007",
    "generate_token_fee": "4.2963200000000355e-05",
    "dropping_num": 0,
    "iter_time": 0
}