{
    "acc_in_ambig": 0.5771543086172345,
    "bias_score_in_ambig": 0.10621242484969941,
    "acc_in_disambig": 0.948,
    "bias_score_in_disambig": 0.01848049281314168,
    "token_fee": "0.39697399999999994",
    "generate_token_fee": "0.16676600000000005",
    "dropping_num": 1,
    "iter_time": 0,
    "not_perfect_num_in_mask": 0,
    "not_perfect_num_in_background": 0,
    "\u6700\u6b63\u786e\u7684dropping num": 0
}