{
    "acc_in_ambig": 0.6561307901907357,
    "bias_score_in_ambig": 0.011444141689373277,
    "acc_in_disambig": 0.8504622077215879,
    "bias_score_in_disambig": -0.04948216340621403,
    "token_fee": "38.551662000000015",
    "generate_token_fee": "5.161425999999908",
    "dropping_num": 6,
    "iter_time": 0,
    "not_perfect_num_in_mask": 22,
    "not_perfect_num_in_background": 0,
    "ensured_dropping num": 0,
    "acutal_usage_in_mask": 4492,
    "acutal_usage_in_background": 0,
    "CoT_actual_usage": 0
}