{
    "acc_in_ambig": 0.938,
    "bias_score_in_ambig": 0.050000000000000044,
    "acc_in_disambig": 0.686,
    "bias_score_in_disambig": -0.013698630136986356,
    "token_fee": "0.058889385474860265",
    "generate_token_fee": "0.031584636871508136",
    "dropping_num": 0,
    "iter_time": 0
}