{
    "acc_in_ambig": 0.7433862433862434,
    "bias_score_in_ambig": -0.013227513227513239,
    "acc_in_disambig": 0.6255813953488372,
    "bias_score_in_disambig": 0.002666666666666595,
    "token_fee": "0.6073919999999998",
    "generate_token_fee": "0.35612799999999994",
    "dropping_num": 0,
    "iter_time": 0,
    "not_perfect_num_in_mask": 0,
    "not_perfect_num_in_background": 0,
    "ensured_dropping num": 0,
    "acutal_usage_in_mask": 0,
    "acutal_usage_in_background": 0,
    "CoT_actual_usage": 399
}