{
    "acc_in_ambig": 0.4,
    "bias_score_in_ambig": 0.6,
    "acc_in_disambig": 1.0,
    "bias_score_in_disambig": -0.19999999999999996,
    "token_fee": "0.004682000000000001",
    "generate_token_fee": "0.0013120000000000002",
    "dropping_num": 0,
    "iter_time": 0
}