{
    "acc_in_ambig": 0.5375408052230686,
    "bias_score_in_ambig": 0.1273122959738847,
    "acc_in_disambig": 0.8467391304347827,
    "bias_score_in_disambig": -0.026517383618149704,
    "token_fee": "2.612248000000009",
    "generate_token_fee": "1.4460060000000017",
    "dropping_num": 2,
    "iter_time": 0,
    "not_perfect_num_in_mask": 0,
    "not_perfect_num_in_background": 0,
    "ensured_dropping num": 0,
    "acutal_usage_in_mask": 0,
    "acutal_usage_in_background": 0,
    "CoT_actual_usage": 4855
}