{
    "acc_in_ambig": 0.5222826086956521,
    "bias_score_in_ambig": 0.1483695652173913,
    "acc_in_disambig": 0.8728260869565218,
    "bias_score_in_disambig": -0.036311239193083544,
    "token_fee": "2.5620639999999986",
    "generate_token_fee": "1.4201959999999978",
    "dropping_num": 0,
    "iter_time": 0,
    "not_perfect_num_in_mask": 0,
    "not_perfect_num_in_background": 0,
    "ensured_dropping num": 0,
    "acutal_usage_in_mask": 0,
    "acutal_usage_in_background": 0,
    "CoT_actual_usage": 4796
}