{
    "acc_in_ambig": 0.4911937377690802,
    "bias_score_in_ambig": 0.03913894324853226,
    "acc_in_disambig": 0.8422131147540983,
    "bias_score_in_disambig": 0.02807775377969768,
    "token_fee": "0.21018199999999962$",
    "dropping_num": 1
}