{
    "acc_in_ambig": 0.6991294885745375,
    "bias_score_in_ambig": 0.023394994559303595,
    "acc_in_disambig": 0.6010869565217392,
    "bias_score_in_disambig": -0.05157813702848346,
    "token_fee": "3.2933459999999926",
    "generate_token_fee": "1.9817080000000016",
    "dropping_num": 2,
    "iter_time": 0,
    "not_perfect_num_in_mask": 0,
    "not_perfect_num_in_background": 0,
    "ensured_dropping num": 0,
    "acutal_usage_in_mask": 0,
    "acutal_usage_in_background": 0,
    "CoT_actual_usage": 4570
}