{
    "acc_in_ambig": 0.6793478260869565,
    "bias_score_in_ambig": 0.026086956521739146,
    "acc_in_disambig": 0.6152173913043478,
    "bias_score_in_disambig": -0.06402439024390238,
    "token_fee": "3.268099999999985",
    "generate_token_fee": "1.970166000000003",
    "dropping_num": 0,
    "iter_time": 0,
    "not_perfect_num_in_mask": 0,
    "not_perfect_num_in_background": 0,
    "ensured_dropping num": 0,
    "acutal_usage_in_mask": 0,
    "acutal_usage_in_background": 0,
    "CoT_actual_usage": 4540
}