{
    "acc_in_ambig": 0.5346916299559471,
    "bias_score_in_ambig": 0.08535242290748901,
    "acc_in_disambig": 0.8142076502732241,
    "bias_score_in_disambig": -0.03943496174220129,
    "token_fee": "2.6514179999999987",
    "generate_token_fee": "1.403476000000003",
    "dropping_num": 0,
    "iter_time": 0,
    "not_perfect_num_in_mask": 0,
    "not_perfect_num_in_background": 0,
    "ensured_dropping num": 0,
    "acutal_usage_in_mask": 0,
    "acutal_usage_in_background": 0,
    "CoT_actual_usage": 6046
}