{
    "acc_in_ambig": 0.3521739130434783,
    "bias_score_in_ambig": 0.14347826086956522,
    "acc_in_disambig": 0.8510869565217392,
    "bias_score_in_disambig": 0.0038610038610038533,
    "token_fee": "0.8346499999999938",
    "generate_token_fee": "0.032580000000000706",
    "dropping_num": 0,
    "iter_time": 0,
    "not_perfect_num_in_mask": 0,
    "not_perfect_num_in_background": 0,
    "ensured_dropping num": 0,
    "acutal_usage_in_mask": 0,
    "acutal_usage_in_background": 0,
    "CoT_actual_usage": 0
}