{
    "acc_in_ambig": 0.7708333333333334,
    "bias_score_in_ambig": 0.0023148148148148294,
    "acc_in_disambig": 0.7106481481481481,
    "bias_score_in_disambig": -0.005649717514124242,
    "token_fee": "0.18428",
    "generate_token_fee": "0.0075219999999998986",
    "dropping_num": 0,
    "iter_time": 0,
    "not_perfect_num_in_mask": 0,
    "not_perfect_num_in_background": 0,
    "ensured_dropping num": 0,
    "acutal_usage_in_mask": 0,
    "acutal_usage_in_background": 0,
    "CoT_actual_usage": 0
}