{
    "acc_in_ambig": 0.804,
    "bias_score_in_ambig": 0.10799999999999996,
    "acc_in_disambig": 0.924,
    "bias_score_in_disambig": -0.012931034482758674,
    "token_fee": "0.00018524519999999997",
    "generate_token_fee": "4.188520000000041e-05",
    "dropping_num": 0,
    "iter_time": 0
}