{
    "acc_in_ambig": 0.776,
    "bias_score_in_ambig": 0.003999999999999985,
    "acc_in_disambig": 0.79,
    "bias_score_in_disambig": 0.05652173913043468,
    "token_fee": "16.226435999999964",
    "generate_token_fee": "1.6506920000000058",
    "dropping_num": 0,
    "iter_time": 0,
    "not_perfect_num_in_mask": 17,
    "not_perfect_num_in_background": 0,
    "\u6700\u6b63\u786e\u7684dropping num": 0
}