{
    "acc_in_ambig": 0.99,
    "bias_score_in_ambig": 0.026000000000000023,
    "acc_in_disambig": 0.884,
    "bias_score_in_disambig": -0.06306306306306309,
    "token_fee": "0.0006844683999999984",
    "generate_token_fee": "0.0004902996000000006",
    "dropping_num": 0,
    "iter_time": 0
}