{
    "acc_in_ambig": 0.9421296296296297,
    "bias_score_in_ambig": -0.0069444444444444415,
    "acc_in_disambig": 0.6883720930232559,
    "bias_score_in_disambig": 0.02614379084967311,
    "token_fee": "0.3497679999999998",
    "generate_token_fee": "0.1711340000000001",
    "dropping_num": 2,
    "iter_time": 0,
    "not_perfect_num_in_mask": 0,
    "not_perfect_num_in_background": 0,
    "ensured_dropping num": 0,
    "acutal_usage_in_mask": 0,
    "acutal_usage_in_background": 0,
    "CoT_actual_usage": 1137
}