{
    "acc_in_ambig": 0.6982055464926591,
    "bias_score_in_ambig": 0.03425774877650895,
    "acc_in_disambig": 0.6010869565217392,
    "bias_score_in_disambig": -0.03410852713178292,
    "token_fee": "3.302597999999997",
    "generate_token_fee": "1.9995519999999993",
    "dropping_num": 1,
    "iter_time": 0,
    "not_perfect_num_in_mask": 0,
    "not_perfect_num_in_background": 0,
    "ensured_dropping num": 0,
    "acutal_usage_in_mask": 0,
    "acutal_usage_in_background": 0,
    "CoT_actual_usage": 4588
}