{
    "acc_in_ambig": 0.9004629629629629,
    "bias_score_in_ambig": 0.011574074074074079,
    "acc_in_disambig": 0.7152777777777778,
    "bias_score_in_disambig": 0.011428571428571344,
    "token_fee": "0.427264",
    "generate_token_fee": "0.24029600000000018",
    "dropping_num": 0,
    "iter_time": 0,
    "not_perfect_num_in_mask": 0,
    "not_perfect_num_in_background": 0,
    "ensured_dropping num": 0,
    "acutal_usage_in_mask": 0,
    "acutal_usage_in_background": 0,
    "CoT_actual_usage": 933
}