{
    "acc_in_ambig": 0.8657314629258517,
    "bias_score_in_ambig": 0.05410821643286575,
    "acc_in_disambig": 0.9175050301810865,
    "bias_score_in_disambig": -0.03282275711159732,
    "token_fee": "0.00018213299999999966",
    "generate_token_fee": "4.049920000000032e-05",
    "dropping_num": 0,
    "iter_time": 0
}