{
    "acc_in_ambig": 0.932,
    "bias_score_in_ambig": 0.023999999999999987,
    "acc_in_disambig": 0.778,
    "bias_score_in_disambig": -0.11675126903553301,
    "token_fee": "0.0006698496000000006",
    "generate_token_fee": "0.00045218320000000114",
    "dropping_num": 0,
    "iter_time": 0
}