{
    "acc_in_ambig": 0.7675350701402806,
    "bias_score_in_ambig": 0.060120240480961915,
    "acc_in_disambig": 0.8096192384769539,
    "bias_score_in_disambig": -0.017621145374449365,
    "token_fee": "20.024308000000076",
    "generate_token_fee": "1.7389239999999946",
    "dropping_num": 2,
    "iter_time": 0,
    "not_perfect_num_in_mask": 12,
    "not_perfect_num_in_background": 73,
    "\u6700\u6b63\u786e\u7684dropping num": 0
}