{
    "acc_in_ambig": 0.802,
    "bias_score_in_ambig": 0.08599999999999997,
    "acc_in_disambig": 0.946,
    "bias_score_in_disambig": 0.01048218029350112,
    "token_fee": "0.00018293939999999975",
    "generate_token_fee": "3.9351200000000234e-05",
    "dropping_num": 0,
    "iter_time": 0
}