{
    "acc_in_ambig": 0.824,
    "bias_score_in_ambig": 0.13200000000000003,
    "acc_in_disambig": 0.93,
    "bias_score_in_disambig": -0.021367521367521403,
    "token_fee": "0.00018333560000000006",
    "generate_token_fee": "3.976840000000017e-05",
    "dropping_num": 0,
    "iter_time": 0
}