{
    "acc_in_ambig": 0.482421875,
    "bias_score_in_ambig": -0.0019531249999999996,
    "acc_in_disambig": 0.8504098360655737,
    "bias_score_in_disambig": 0.008583690987124415,
    "token_fee": "0.2116319999999997",
    "generate_token_fee": "0.01023999999999993",
    "dropping_num": 0
}