{
    "acc_in_ambig": 0.818,
    "bias_score_in_ambig": 0.09800000000000005,
    "acc_in_disambig": 0.802,
    "bias_score_in_disambig": -0.014218009478673022,
    "token_fee": "0.465478",
    "generate_token_fee": "0.23256599999999977",
    "dropping_num": 0,
    "iter_time": 0
}