{
    "acc_in_ambig": 0.994,
    "bias_score_in_ambig": 0.014000000000000014,
    "acc_in_disambig": 0.888,
    "bias_score_in_disambig": -0.04719101123595504,
    "token_fee": "0.0006918604000000003",
    "generate_token_fee": "0.0004987976",
    "dropping_num": 0,
    "iter_time": 0
}