{
    "acc_in_ambig": 0.808,
    "bias_score_in_ambig": 0.09199999999999998,
    "acc_in_disambig": 0.938,
    "bias_score_in_disambig": 0.027600849256900206,
    "token_fee": "0.00018736340000000004",
    "generate_token_fee": "4.333560000000035e-05",
    "dropping_num": 0,
    "iter_time": 0
}