{
    "acc_in_ambig": 0.822,
    "bias_score_in_ambig": 0.05400000000000003,
    "acc_in_disambig": 0.806,
    "bias_score_in_disambig": -0.06150341685649208,
    "token_fee": "0.4628499999999998",
    "generate_token_fee": "0.23182600000000025",
    "dropping_num": 0,
    "iter_time": 0
}