{
    "acc_in_ambig": 0.7685185185185185,
    "bias_score_in_ambig": -0.0016339869281045798,
    "acc_in_disambig": 0.8955386289445049,
    "bias_score_in_disambig": -0.04190260475651186,
    "token_fee": "22.280752000000028",
    "generate_token_fee": "2.4017479999999987",
    "dropping_num": 7,
    "iter_time": 0,
    "not_perfect_num_in_mask": 5,
    "not_perfect_num_in_background": 0,
    "ensured_dropping num": 0,
    "acutal_usage_in_mask": 3970,
    "acutal_usage_in_background": 0,
    "CoT_actual_usage": 0
}