{
    "acc_in_ambig": 0.8852459016393442,
    "bias_score_in_ambig": -0.011709601873536302,
    "acc_in_disambig": 0.7169373549883991,
    "bias_score_in_disambig": -0.002666666666666706,
    "token_fee": "0.5915099999999993",
    "generate_token_fee": "0.33058799999999966",
    "dropping_num": 0,
    "iter_time": 0,
    "not_perfect_num_in_mask": 0,
    "not_perfect_num_in_background": 0,
    "ensured_dropping num": 0,
    "acutal_usage_in_mask": 0,
    "acutal_usage_in_background": 0,
    "CoT_actual_usage": 159
}