{
    "acc_in_ambig": 0.5309782608695652,
    "bias_score_in_ambig": 0.13532608695652176,
    "acc_in_disambig": 0.878804347826087,
    "bias_score_in_disambig": -0.04899135446685876,
    "token_fee": "1.6502899999999965",
    "generate_token_fee": "0.832155999999999",
    "dropping_num": 0,
    "iter_time": 0,
    "not_perfect_num_in_mask": 0,
    "not_perfect_num_in_background": 0,
    "ensured_dropping num": 0,
    "acutal_usage_in_mask": 0,
    "acutal_usage_in_background": 0,
    "CoT_actual_usage": 3835
}