{
    "acc_in_ambig": 0.7808219178082192,
    "bias_score_in_ambig": 0.007827788649706478,
    "acc_in_disambig": 0.6078028747433265,
    "bias_score_in_disambig": -0.0060606060606061,
    "token_fee": "0.8544259999999995",
    "generate_token_fee": "0.5012540000000008",
    "dropping_num": 2
}