{
    "acc_in_ambig": 0.5451086956521739,
    "bias_score_in_ambig": 0.11902173913043475,
    "acc_in_disambig": 0.8760869565217392,
    "bias_score_in_disambig": -0.037550548815713514,
    "token_fee": "1.786568000000003",
    "generate_token_fee": "0.9575719999999992",
    "dropping_num": 0,
    "iter_time": 0,
    "not_perfect_num_in_mask": 0,
    "not_perfect_num_in_background": 0,
    "ensured_dropping num": 0,
    "acutal_usage_in_mask": 0,
    "acutal_usage_in_background": 0,
    "CoT_actual_usage": 3883
}