{
    "acc_in_ambig": 0.5040783034257749,
    "bias_score_in_ambig": 0.08700380641653077,
    "acc_in_disambig": 0.8792165397170838,
    "bias_score_in_disambig": -0.018223234624145768,
    "token_fee": "42.49129199999996",
    "generate_token_fee": "3.2359639999999903",
    "dropping_num": 3,
    "iter_time": 0,
    "not_perfect_num_in_mask": 1,
    "not_perfect_num_in_background": 0,
    "ensured_dropping num": 0,
    "acutal_usage_in_mask": 3969,
    "acutal_usage_in_background": 3696,
    "CoT_actual_usage": 0
}