{
    "acc_in_ambig": 0.514161220043573,
    "bias_score_in_ambig": 0.058823529411764656,
    "acc_in_disambig": 0.8111050626020686,
    "bias_score_in_disambig": -0.03660662405578152,
    "token_fee": "58.711437999999994",
    "generate_token_fee": "6.389158",
    "dropping_num": 7,
    "iter_time": 0,
    "not_perfect_num_in_mask": 13,
    "not_perfect_num_in_background": 0,
    "ensured_dropping num": 0,
    "acutal_usage_in_mask": 4420,
    "acutal_usage_in_background": 3723,
    "CoT_actual_usage": 0
}