{
    "acc_in_ambig": 0.24444444444444444,
    "bias_score_in_ambig": 0.08395061728395065,
    "acc_in_disambig": 0.32020997375328086,
    "bias_score_in_disambig": 0.06382978723404253,
    "token_fee": "0.632702",
    "generate_token_fee": "0.36998400000000053",
    "dropping_num": 0,
    "iter_time": 0,
    "not_perfect_num_in_mask": 0,
    "not_perfect_num_in_background": 0,
    "ensured_dropping num": 0,
    "acutal_usage_in_mask": 0,
    "acutal_usage_in_background": 0,
    "CoT_actual_usage": 467
}