{
    "acc_in_ambig": 0.854,
    "bias_score_in_ambig": 0.086,
    "acc_in_disambig": 0.926,
    "bias_score_in_disambig": -0.025751072961373356,
    "token_fee": "0.0001844906",
    "generate_token_fee": "4.180960000000023e-05",
    "dropping_num": 0,
    "iter_time": 0
}