{
    "acc_in_ambig": 0.6440281030444965,
    "bias_score_in_ambig": -0.03747072599531615,
    "acc_in_disambig": 0.5573770491803278,
    "bias_score_in_disambig": -0.003236245954692518,
    "token_fee": "0.5725939999999998",
    "generate_token_fee": "0.32537399999999994",
    "dropping_num": 0,
    "iter_time": 0,
    "not_perfect_num_in_mask": 0,
    "not_perfect_num_in_background": 0,
    "ensured_dropping num": 0,
    "acutal_usage_in_mask": 0,
    "acutal_usage_in_background": 0,
    "CoT_actual_usage": 177
}