{
    "acc_in_ambig": 0.7103718199608611,
    "bias_score_in_ambig": -0.02348336594911936,
    "acc_in_disambig": 0.5737704918032787,
    "bias_score_in_disambig": 0.011904761904761862,
    "token_fee": "0.7688500000000009$",
    "dropping_num": 1
}