{
    "acc_in_ambig": 0.3391304347826087,
    "bias_score_in_ambig": 0.1456521739130435,
    "acc_in_disambig": 0.8618814573137574,
    "bias_score_in_disambig": 0.0011098779134295356,
    "token_fee": "0.8581939999999944",
    "generate_token_fee": "0.03272800000000068",
    "dropping_num": 0,
    "iter_time": 0,
    "not_perfect_num_in_mask": 0,
    "not_perfect_num_in_background": 0,
    "ensured_dropping num": 0,
    "acutal_usage_in_mask": 0,
    "acutal_usage_in_background": 0,
    "CoT_actual_usage": 0
}