{
    "acc_in_ambig": 0.926,
    "bias_score_in_ambig": 0.05799999999999996,
    "acc_in_disambig": 0.792,
    "bias_score_in_disambig": -0.11221945137157108,
    "token_fee": "0.000680698200000001",
    "generate_token_fee": "0.0004599447999999997",
    "dropping_num": 0,
    "iter_time": 0
}