{
    "acc_in_ambig": 0.914,
    "bias_score_in_ambig": 0.07399999999999997,
    "acc_in_disambig": 0.834,
    "bias_score_in_disambig": -0.05714285714285716,
    "token_fee": "0.0006678293999999987",
    "generate_token_fee": "0.0004433211999999995",
    "dropping_num": 0,
    "iter_time": 0
}