{
    "acc_in_ambig": 0.3385955362003266,
    "bias_score_in_ambig": -0.03211758301578664,
    "acc_in_disambig": 0.34967320261437906,
    "bias_score_in_disambig": 0.03011583011583019,
    "token_fee": "1.5661860000000063",
    "generate_token_fee": "0.6320280000000031",
    "dropping_num": 0,
    "iter_time": 0,
    "not_perfect_num_in_mask": 0,
    "not_perfect_num_in_background": 0,
    "ensured_dropping num": 0,
    "acutal_usage_in_mask": 0,
    "acutal_usage_in_background": 0,
    "CoT_actual_usage": 107
}