{
    "acc_in_ambig": 0.34293478260869564,
    "bias_score_in_ambig": 0.1255434782608695,
    "acc_in_disambig": 0.8559782608695652,
    "bias_score_in_disambig": 0.0022123893805310324,
    "token_fee": "0.822777999999993",
    "generate_token_fee": "0.0323800000000007",
    "dropping_num": 0,
    "iter_time": 0,
    "not_perfect_num_in_mask": 0,
    "not_perfect_num_in_background": 0,
    "ensured_dropping num": 0,
    "acutal_usage_in_mask": 0,
    "acutal_usage_in_background": 0,
    "CoT_actual_usage": 0
}