{
    "acc_in_ambig": 0.7851851851851852,
    "bias_score_in_ambig": 0.005128205128205149,
    "acc_in_disambig": 0.8438520130576714,
    "bias_score_in_disambig": -0.0546290971822887,
    "token_fee": "2.609926000000008",
    "generate_token_fee": "1.4648800000000042",
    "dropping_num": 0,
    "iter_time": 0,
    "not_perfect_num_in_mask": 0,
    "not_perfect_num_in_background": 0,
    "ensured_dropping num": 0,
    "acutal_usage_in_mask": 0,
    "acutal_usage_in_background": 0,
    "CoT_actual_usage": 7065
}