{
    "acc_in_ambig": 0.608529250956807,
    "bias_score_in_ambig": 0.11591033351558228,
    "acc_in_disambig": 0.9319542732716385,
    "bias_score_in_disambig": -0.03240477544059128,
    "token_fee": "1.439648000000001",
    "generate_token_fee": "0.616178000000001",
    "dropping_num": 14,
    "iter_time": 0,
    "not_perfect_num_in_mask": 0,
    "not_perfect_num_in_background": 0,
    "ensured_dropping num": 0,
    "acutal_usage_in_mask": 0,
    "acutal_usage_in_background": 0,
    "CoT_actual_usage": 4896
}