{
    "acc_in_ambig": 0.751953125,
    "bias_score_in_ambig": -0.017578124999999997,
    "acc_in_disambig": 0.5286885245901639,
    "bias_score_in_disambig": -0.003154574132492094,
    "token_fee": "0.7662580000000008$",
    "dropping_num": 0
}