{
    "acc_in_ambig": 0.8773148148148148,
    "bias_score_in_ambig": 0.03935185185185186,
    "acc_in_disambig": 0.7754629629629629,
    "bias_score_in_disambig": -0.0473537604456824,
    "token_fee": "0.4296760000000003",
    "generate_token_fee": "0.24215399999999998",
    "dropping_num": 0,
    "iter_time": 0,
    "not_perfect_num_in_mask": 0,
    "not_perfect_num_in_background": 0,
    "ensured_dropping num": 0,
    "acutal_usage_in_mask": 0,
    "acutal_usage_in_background": 0,
    "CoT_actual_usage": 936
}