{
    "acc_in_ambig": 0.804,
    "bias_score_in_ambig": 0.07999999999999999,
    "acc_in_disambig": 0.94,
    "bias_score_in_disambig": 0.03389830508474567,
    "token_fee": "0.00018379200000000009",
    "generate_token_fee": "3.95836000000002e-05",
    "dropping_num": 0,
    "iter_time": 0
}