{
    "acc_in_ambig": 0.998,
    "bias_score_in_ambig": 0.018000000000000016,
    "acc_in_disambig": 0.894,
    "bias_score_in_disambig": -0.0444444444444444,
    "token_fee": "0.0006749553999999999",
    "generate_token_fee": "0.00048419559999999997",
    "dropping_num": 0,
    "iter_time": 0
}