{
    "acc_in_ambig": 0.26450116009280744,
    "bias_score_in_ambig": -0.04872389791183297,
    "acc_in_disambig": 0.32558139534883723,
    "bias_score_in_disambig": 0.03157894736842115,
    "token_fee": "0.4424139999999998",
    "generate_token_fee": "0.23174999999999962",
    "dropping_num": 0,
    "iter_time": 0,
    "not_perfect_num_in_mask": 0,
    "not_perfect_num_in_background": 0,
    "ensured_dropping num": 0,
    "acutal_usage_in_mask": 0,
    "acutal_usage_in_background": 0,
    "CoT_actual_usage": 32
}