{
    "acc_in_ambig": 0.63671875,
    "bias_score_in_ambig": 0.05859375000000003,
    "acc_in_disambig": 0.7663934426229508,
    "bias_score_in_disambig": -0.03614457831325302,
    "token_fee": "0.6964099999999993$",
    "dropping_num": 0
}