{
    "acc_in_ambig": 0.8912037037037037,
    "bias_score_in_ambig": 0.0023148148148148056,
    "acc_in_disambig": 0.7407407407407407,
    "bias_score_in_disambig": -0.025495750708215303,
    "token_fee": "0.42046000000000067",
    "generate_token_fee": "0.23564800000000014",
    "dropping_num": 0,
    "iter_time": 0,
    "not_perfect_num_in_mask": 0,
    "not_perfect_num_in_background": 0,
    "ensured_dropping num": 0,
    "acutal_usage_in_mask": 0,
    "acutal_usage_in_background": 0,
    "CoT_actual_usage": 924
}