{
    "acc_in_ambig": 0.914,
    "bias_score_in_ambig": 0.045999999999999985,
    "acc_in_disambig": 0.696,
    "bias_score_in_disambig": 0.029490616621983934,
    "token_fee": "0.05914636871508375",
    "generate_token_fee": "0.031731284916200884",
    "dropping_num": 0,
    "iter_time": 0
}