{
    "acc_in_ambig": 0.3746898263027295,
    "bias_score_in_ambig": 0.004962779156327526,
    "acc_in_disambig": 0.4838709677419355,
    "bias_score_in_disambig": 0.01449275362318847,
    "token_fee": "0.6289179999999999",
    "generate_token_fee": "0.3696880000000002",
    "dropping_num": 0,
    "iter_time": 0,
    "not_perfect_num_in_mask": 0,
    "not_perfect_num_in_background": 0,
    "ensured_dropping num": 0,
    "acutal_usage_in_mask": 0,
    "acutal_usage_in_background": 0,
    "CoT_actual_usage": 428
}