{
    "acc_in_ambig": 0.69,
    "bias_score_in_ambig": 0.022000000000000026,
    "acc_in_disambig": 0.79,
    "bias_score_in_disambig": 0.021176470588235352,
    "token_fee": "0.5764979999999997",
    "generate_token_fee": "0.24940600000000016",
    "dropping_num": 0,
    "iter_time": 0,
    "not_perfect_num_in_mask": 0,
    "not_perfect_num_in_background": 0,
    "\u6700\u6b63\u786e\u7684dropping num": 0
}