{
    "acc_in_ambig": 0.5078847199564981,
    "bias_score_in_ambig": -0.04622077215878194,
    "acc_in_disambig": 0.878804347826087,
    "bias_score_in_disambig": -0.045892351274787524,
    "token_fee": "46.95776399999994",
    "generate_token_fee": "3.8727939999999736",
    "dropping_num": 1,
    "iter_time": 0,
    "not_perfect_num_in_mask": 5,
    "not_perfect_num_in_background": 0,
    "ensured_dropping num": 0,
    "acutal_usage_in_mask": 3945,
    "acutal_usage_in_background": 3778,
    "CoT_actual_usage": 0
}