{
    "acc_in_ambig": 0.9451219512195121,
    "bias_score_in_ambig": 0.07520325203252039,
    "acc_in_disambig": 0.9837067209775967,
    "bias_score_in_disambig": -0.04115226337448563,
    "token_fee": "0.012098646000000017",
    "generate_token_fee": "0.002440121600000013",
    "dropping_num": 34,
    "iter_time": 0,
    "not_perfect_num_in_mask": 12,
    "not_perfect_num_in_background": 0,
    "ensured_dropping num": 0,
    "acutal_usage_in_mask": 1147,
    "acutal_usage_in_background": 983
}