{
    "acc_in_ambig": 0.994,
    "bias_score_in_ambig": 0.014000000000000014,
    "acc_in_disambig": 0.88,
    "bias_score_in_disambig": -0.04740406320541757,
    "token_fee": "0.0006757198000000009",
    "generate_token_fee": "0.00048366360000000005",
    "dropping_num": 0,
    "iter_time": 0
}