{
    "acc_in_ambig": 0.85,
    "bias_score_in_ambig": 0.066,
    "acc_in_disambig": 0.928,
    "bias_score_in_disambig": 0.027956989247311936,
    "token_fee": "0.21979600000000057",
    "generate_token_fee": "0.025613999999999915",
    "dropping_num": 0,
    "iter_time": 0
}