{
    "acc_in_ambig": 0.826,
    "bias_score_in_ambig": 0.054000000000000006,
    "acc_in_disambig": 0.932,
    "bias_score_in_disambig": 0.0573248407643312,
    "token_fee": "0.00018304859999999982",
    "generate_token_fee": "4.005120000000037e-05",
    "dropping_num": 0,
    "iter_time": 0
}