{
    "acc_in_ambig": 0.7782234957020058,
    "bias_score_in_ambig": 0.004011461318051599,
    "acc_in_disambig": 0.8346028291621328,
    "bias_score_in_disambig": -0.04161849710982657,
    "token_fee": "2.580969999999997",
    "generate_token_fee": "1.4385900000000018",
    "dropping_num": 0,
    "iter_time": 0,
    "not_perfect_num_in_mask": 0,
    "not_perfect_num_in_background": 0,
    "ensured_dropping num": 0,
    "acutal_usage_in_mask": 0,
    "acutal_usage_in_background": 0,
    "CoT_actual_usage": 7075
}