{
    "acc_in_ambig": 0.7517401392111369,
    "bias_score_in_ambig": -0.048723897911832945,
    "acc_in_disambig": 0.8306264501160093,
    "bias_score_in_disambig": -0.0025188916876573986,
    "token_fee": "10.981421999999991",
    "generate_token_fee": "0.9143140000000015",
    "dropping_num": 2,
    "iter_time": 0,
    "not_perfect_num_in_mask": 0,
    "not_perfect_num_in_background": 0,
    "ensured_dropping num": 0,
    "acutal_usage_in_mask": 886,
    "acutal_usage_in_background": 913,
    "CoT_actual_usage": 0
}