{
    "acc_in_ambig": 0.724,
    "bias_score_in_ambig": 0.035999999999999976,
    "acc_in_disambig": 0.826,
    "bias_score_in_disambig": 0.05399568034557234,
    "token_fee": "15.573269999999996",
    "generate_token_fee": "1.4073379999999984",
    "dropping_num": 0,
    "iter_time": 0,
    "not_perfect_num_in_mask": 9,
    "not_perfect_num_in_background": 0,
    "\u6700\u6b63\u786e\u7684dropping num": 0
}