{
    "acc_in_ambig": 0.9255813953488372,
    "bias_score_in_ambig": 0.013953488372093023,
    "acc_in_disambig": 0.679814385150812,
    "bias_score_in_disambig": -0.04635761589403975,
    "token_fee": "0.36199400000000004",
    "generate_token_fee": "0.17865600000000023",
    "dropping_num": 3,
    "iter_time": 0,
    "not_perfect_num_in_mask": 0,
    "not_perfect_num_in_background": 0,
    "ensured_dropping num": 0,
    "acutal_usage_in_mask": 0,
    "acutal_usage_in_background": 0,
    "CoT_actual_usage": 1175
}