{
    "acc_in_ambig": 0.832,
    "bias_score_in_ambig": 0.09200000000000003,
    "acc_in_disambig": 0.936,
    "bias_score_in_disambig": 0.012765957446808418,
    "token_fee": "0.0001863582000000001",
    "generate_token_fee": "4.177600000000034e-05",
    "dropping_num": 0,
    "iter_time": 0
}