{
    "acc_in_ambig": 0.7777777777777778,
    "bias_score_in_ambig": 0.027777777777777776,
    "acc_in_disambig": 0.7152777777777778,
    "bias_score_in_disambig": 0.022346368715083775,
    "token_fee": "0.18215799999999982",
    "generate_token_fee": "0.007573999999999892",
    "dropping_num": 0,
    "iter_time": 0,
    "not_perfect_num_in_mask": 0,
    "not_perfect_num_in_background": 0,
    "ensured_dropping num": 0,
    "acutal_usage_in_mask": 0,
    "acutal_usage_in_background": 0,
    "CoT_actual_usage": 0
}