{
    "acc_in_ambig": 0.33042529989094876,
    "bias_score_in_ambig": -0.04580152671755727,
    "acc_in_disambig": 0.42529989094874593,
    "bias_score_in_disambig": 0.0015151515151514694,
    "token_fee": "1.908408000000003",
    "generate_token_fee": "0.9995100000000031",
    "dropping_num": 0,
    "iter_time": 0,
    "not_perfect_num_in_mask": 0,
    "not_perfect_num_in_background": 0,
    "ensured_dropping num": 0,
    "acutal_usage_in_mask": 0,
    "acutal_usage_in_background": 0,
    "CoT_actual_usage": 140
}