{
    "acc_in_ambig": 0.7545271629778671,
    "bias_score_in_ambig": 0.008048289738430595,
    "acc_in_disambig": 0.5771543086172345,
    "bias_score_in_disambig": 0.032448377581120846,
    "token_fee": "0.7971400000000001",
    "generate_token_fee": "0.41432800000000075",
    "dropping_num": 4,
    "iter_time": 0,
    "not_perfect_num_in_mask": 0,
    "not_perfect_num_in_background": 0,
    "\u6700\u6b63\u786e\u7684dropping num": 0
}