{
    "acc_in_ambig": 0.6142546245919478,
    "bias_score_in_ambig": 0.03427638737758436,
    "acc_in_disambig": 0.8202614379084967,
    "bias_score_in_disambig": -0.009248554913294793,
    "token_fee": "106.69673600000014",
    "generate_token_fee": "8.044452000000016",
    "dropping_num": 6,
    "iter_time": 0,
    "not_perfect_num_in_mask": 19,
    "not_perfect_num_in_background": 1350,
    "ensured_dropping num": 0,
    "acutal_usage_in_mask": 4429,
    "acutal_usage_in_background": 11112,
    "CoT_actual_usage": 0
}