{
    "acc_in_ambig": 0.6848121937942298,
    "bias_score_in_ambig": 0.003810560696788208,
    "acc_in_disambig": 0.9036996735582155,
    "bias_score_in_disambig": -0.03977591036414563,
    "token_fee": "22.03615799999994",
    "generate_token_fee": "2.2605759999999964",
    "dropping_num": 5,
    "iter_time": 0,
    "not_perfect_num_in_mask": 3,
    "not_perfect_num_in_background": 0,
    "ensured_dropping num": 0,
    "acutal_usage_in_mask": 3964,
    "acutal_usage_in_background": 0,
    "CoT_actual_usage": 0
}