{
    "acc_in_ambig": 0.3099510603588907,
    "bias_score_in_ambig": 0.16585100598151173,
    "acc_in_disambig": 0.8847199564980968,
    "bias_score_in_disambig": 0.0016528925619834212,
    "token_fee": "0.8658279999999899",
    "generate_token_fee": "0.03656600000000087",
    "dropping_num": 0,
    "iter_time": 0,
    "not_perfect_num_in_mask": 0,
    "not_perfect_num_in_background": 0,
    "ensured_dropping num": 0,
    "acutal_usage_in_mask": 0,
    "acutal_usage_in_background": 0,
    "CoT_actual_usage": 0
}