{
    "acc_in_ambig": 0.83,
    "bias_score_in_ambig": 0.08600000000000002,
    "acc_in_disambig": 0.95,
    "bias_score_in_disambig": 0.11715481171548126,
    "token_fee": "0.00018239899999999995",
    "generate_token_fee": "3.8813600000000255e-05",
    "dropping_num": 0,
    "iter_time": 0
}