{
    "acc_in_ambig": 0.630859375,
    "bias_score_in_ambig": 0.02539062500000002,
    "acc_in_disambig": 0.7295081967213115,
    "bias_score_in_disambig": -0.08788598574821849,
    "token_fee": "0.6918199999999997$",
    "dropping_num": 0
}