{
    "acc_in_ambig": 0.5040871934604905,
    "bias_score_in_ambig": 0.06212534059945504,
    "acc_in_disambig": 0.817983651226158,
    "bias_score_in_disambig": -0.058550724637681184,
    "token_fee": "59.44935400000002",
    "generate_token_fee": "6.354700000000012",
    "dropping_num": 11,
    "iter_time": 0,
    "not_perfect_num_in_mask": 21,
    "not_perfect_num_in_background": 0,
    "ensured_dropping num": 0,
    "acutal_usage_in_mask": 4533,
    "acutal_usage_in_background": 3716,
    "CoT_actual_usage": 0
}