{
    "acc_in_ambig": 0.994,
    "bias_score_in_ambig": 0.022000000000000023,
    "acc_in_disambig": 0.862,
    "bias_score_in_disambig": 0.06481481481481488,
    "token_fee": "0.0006856695999999998",
    "generate_token_fee": "0.0004936315999999999",
    "dropping_num": 0,
    "iter_time": 0
}