{
    "acc_in_ambig": 0.91,
    "bias_score_in_ambig": 0.04599999999999998,
    "acc_in_disambig": 0.696,
    "bias_score_in_disambig": 0.02400000000000002,
    "token_fee": "0.05819301675977646",
    "generate_token_fee": "0.030868994413407572",
    "dropping_num": 0,
    "iter_time": 0
}