{
    "acc_in_ambig": 0.7940054495912806,
    "bias_score_in_ambig": -0.006539509536784742,
    "acc_in_disambig": 0.8911268372346217,
    "bias_score_in_disambig": -0.03909348441926341,
    "token_fee": "22.31414999999992",
    "generate_token_fee": "2.4661740000000023",
    "dropping_num": 10,
    "iter_time": 0,
    "not_perfect_num_in_mask": 6,
    "not_perfect_num_in_background": 0,
    "ensured_dropping num": 0,
    "acutal_usage_in_mask": 3957,
    "acutal_usage_in_background": 0,
    "CoT_actual_usage": 0
}