{
    "acc_in_ambig": 0.8611764705882353,
    "bias_score_in_ambig": 0.011764705882352938,
    "acc_in_disambig": 0.7192575406032483,
    "bias_score_in_disambig": 0.002666666666666595,
    "token_fee": "0.5776700000000001",
    "generate_token_fee": "0.3281340000000002",
    "dropping_num": 0,
    "iter_time": 0,
    "not_perfect_num_in_mask": 0,
    "not_perfect_num_in_background": 0,
    "ensured_dropping num": 0,
    "acutal_usage_in_mask": 0,
    "acutal_usage_in_background": 0,
    "CoT_actual_usage": 178
}