{
    "acc_in_ambig": 0.842,
    "bias_score_in_ambig": 0.09400000000000003,
    "acc_in_disambig": 0.9378757515030061,
    "bias_score_in_disambig": 0.02771855010660973,
    "token_fee": "0.00018739560000000032",
    "generate_token_fee": "4.308360000000034e-05",
    "dropping_num": 0,
    "iter_time": 0
}