{
    "acc_in_ambig": 0.764,
    "bias_score_in_ambig": 0.07999999999999999,
    "acc_in_disambig": 0.786,
    "bias_score_in_disambig": -0.04245283018867929,
    "token_fee": "0.47111",
    "generate_token_fee": "0.24288400000000043",
    "dropping_num": 0,
    "iter_time": 0
}