{
    "acc_in_ambig": 0.8112449799196787,
    "bias_score_in_ambig": 0.036144578313253004,
    "acc_in_disambig": 0.7108433734939759,
    "bias_score_in_disambig": -0.04663212435233166,
    "token_fee": "1.5948399999999983",
    "generate_token_fee": "0.7887339999999994",
    "dropping_num": 5,
    "iter_time": 0
}