{
    "acc_in_ambig": 0.98,
    "bias_score_in_ambig": 0.024000000000000025,
    "acc_in_disambig": 0.848,
    "bias_score_in_disambig": 0.02336448598130847,
    "token_fee": "0.009418264799999987",
    "generate_token_fee": "0.0033986764000000238",
    "dropping_num": 1,
    "iter_time": 0
}