{
    "acc_in_ambig": 0.845213849287169,
    "bias_score_in_ambig": 0.044806517311608965,
    "acc_in_disambig": 0.658,
    "bias_score_in_disambig": 0.0,
    "token_fee": "1.4722059999999981",
    "generate_token_fee": "0.7712439999999999",
    "dropping_num": 0,
    "iter_time": 0
}