{
    "acc_in_ambig": 0.7230142566191446,
    "bias_score_in_ambig": 0.03665987780040732,
    "acc_in_disambig": 0.716,
    "bias_score_in_disambig": 0.07653061224489788,
    "token_fee": "1.393334000000002",
    "generate_token_fee": "0.6521379999999997",
    "dropping_num": 1,
    "iter_time": 0
}