{
    "acc_in_ambig": 0.8126272912423625,
    "bias_score_in_ambig": 0.012219959266802456,
    "acc_in_disambig": 0.71,
    "bias_score_in_disambig": 0.02590673575129543,
    "token_fee": "1.555736",
    "generate_token_fee": "0.7652540000000014",
    "dropping_num": 1,
    "iter_time": 0
}