{
    "acc_in_ambig": 0.7648261758691206,
    "bias_score_in_ambig": 0.05112474437627815,
    "acc_in_disambig": 0.7303822937625755,
    "bias_score_in_disambig": -0.018087855297157618,
    "token_fee": "1.353803999999999",
    "generate_token_fee": "0.624946",
    "dropping_num": 0,
    "iter_time": 0
}