{
    "acc_in_ambig": 0.8012048192771084,
    "bias_score_in_ambig": 0.006024096385542164,
    "acc_in_disambig": 0.74,
    "bias_score_in_disambig": 0.0,
    "token_fee": "1.5508359999999999",
    "generate_token_fee": "0.7613299999999995",
    "dropping_num": 2,
    "iter_time": 0
}