{
    "acc_in_ambig": 0.7393075356415478,
    "bias_score_in_ambig": -0.00814663951120163,
    "acc_in_disambig": 0.7139959432048681,
    "bias_score_in_disambig": 0.005208333333333259,
    "token_fee": "1.4420079999999993",
    "generate_token_fee": "0.6977479999999998",
    "dropping_num": 0,
    "iter_time": 0
}