{
    "acc_in_ambig": 0.8247863247863247,
    "bias_score_in_ambig": 0.02564102564102563,
    "acc_in_disambig": 0.7754237288135594,
    "bias_score_in_disambig": 0.044083526682134666,
    "token_fee": "19.407228000000043",
    "generate_token_fee": "1.810679999999995",
    "dropping_num": 118,
    "iter_time": 0,
    "not_perfect_num": 19
}