{
    "acc_in_ambig": 0.6666666666666666,
    "bias_score_in_ambig": -0.33333333333333337,
    "acc_in_disambig": 0.8571428571428571,
    "bias_score_in_disambig": 0.0,
    "token_fee": "0.14795199999999992",
    "generate_token_fee": "0.017427999999999996",
    "dropping_num": 0,
    "iter_time": 0,
    "not_perfect_num": 0
}