{
    "acc_in_ambig": 0.768762677484787,
    "bias_score_in_ambig": 0.040567951318458445,
    "acc_in_disambig": 0.7439516129032258,
    "bias_score_in_disambig": -0.03535353535353536,
    "token_fee": "1.3603539999999998",
    "generate_token_fee": "0.6352579999999994",
    "dropping_num": 0,
    "iter_time": 0
}