{
    "acc_in_ambig": 0.736734693877551,
    "bias_score_in_ambig": 0.042857142857142885,
    "acc_in_disambig": 0.7228915662650602,
    "bias_score_in_disambig": -0.13178294573643412,
    "token_fee": "1.3665939999999952",
    "generate_token_fee": "0.6266880000000004",
    "dropping_num": 0,
    "iter_time": 0
}