{
    "acc_in_ambig": 0.7926829268292683,
    "bias_score_in_ambig": 0.028455284552845513,
    "acc_in_disambig": 0.762,
    "bias_score_in_disambig": 0.06435643564356441,
    "token_fee": "1.588568000000001",
    "generate_token_fee": "0.7858200000000003",
    "dropping_num": 4,
    "iter_time": 0
}