{
    "acc_in_ambig": 0.7142857142857143,
    "bias_score_in_ambig": 0.0,
    "acc_in_disambig": 1.0,
    "bias_score_in_disambig": -0.33333333333333337,
    "token_fee": "0.14513600000000001",
    "generate_token_fee": "0.014907999999999996",
    "dropping_num": 0,
    "iter_time": 0,
    "not_perfect_num": 0
}