{
    "acc_in_ambig": 0.7026476578411406,
    "bias_score_in_ambig": 0.0,
    "acc_in_disambig": 0.7424547283702213,
    "bias_score_in_disambig": -0.0025839793281653423,
    "token_fee": "1.3514380000000012",
    "generate_token_fee": "0.6232000000000005",
    "dropping_num": 0,
    "iter_time": 0
}