{
    "acc_in_ambig": 0.0,
    "bias_score_in_ambig": 0.0,
    "acc_in_disambig": 0.3333333333333333,
    "bias_score_in_disambig": 1.0,
    "token_fee": "0.021894000000000004",
    "generate_token_fee": "0.012676000000000002",
    "dropping_num": 0,
    "iter_time": 5
}