{
    "acc_in_ambig": 0.5,
    "bias_score_in_ambig": -0.16666666666666669,
    "acc_in_disambig": 0.75,
    "bias_score_in_disambig": 0.33333333333333326,
    "token_fee": "0.12716",
    "generate_token_fee": "0.014847999999999995",
    "dropping_num": 0,
    "iter_time": 0,
    "not_perfect_num": 0
}