{
    "acc_in_ambig": 0.7963340122199593,
    "bias_score_in_ambig": 0.004073319755600819,
    "acc_in_disambig": 0.7313131313131314,
    "bias_score_in_disambig": -0.14,
    "token_fee": "1.5461199999999997",
    "generate_token_fee": "0.7273800000000011",
    "dropping_num": 6,
    "iter_time": 0
}