{
    "acc_in_ambig": 0.6458752515090543,
    "bias_score_in_ambig": 0.0321931589537223,
    "acc_in_disambig": 0.8343434343434344,
    "bias_score_in_disambig": 0.0,
    "token_fee": "5.819159999999997",
    "generate_token_fee": "0.3767840000000015",
    "dropping_num": 8,
    "iter_time": 0
}