{
    "acc_in_ambig": 0.6945701357466063,
    "bias_score_in_ambig": -0.01583710407239818,
    "acc_in_disambig": 0.9112050739957717,
    "bias_score_in_disambig": -0.00877192982456143,
    "token_fee": "9.083780000000013",
    "generate_token_fee": "0.4840620000000029",
    "dropping_num": 169,
    "iter_time": 0
}