{
    "acc_in_ambig": 0.7026476578411406,
    "bias_score_in_ambig": 0.012219959266802425,
    "acc_in_disambig": 0.8383838383838383,
    "bias_score_in_disambig": 0.010799136069114423,
    "token_fee": "5.729052000000007",
    "generate_token_fee": "0.36224800000000257",
    "dropping_num": 14,
    "iter_time": 0
}