{
    "acc_in_ambig": 0.5555555555555556,
    "bias_score_in_ambig": 0.0,
    "acc_in_disambig": 0.8333333333333334,
    "bias_score_in_disambig": 0.19999999999999996,
    "token_fee": "0.103428",
    "generate_token_fee": "0.008797999999999999",
    "dropping_num": 0,
    "iter_time": 0
}