{
    "acc_in_ambig": 0.676829268292683,
    "bias_score_in_ambig": 0.042682926829268275,
    "acc_in_disambig": 0.8837675350701403,
    "bias_score_in_disambig": 0.02713987473903967,
    "token_fee": "5.736760000000009",
    "generate_token_fee": "0.3572340000000011",
    "dropping_num": 9,
    "iter_time": 0
}