{
    "acc_in_ambig": 0.7128514056224899,
    "bias_score_in_ambig": 0.07429718875502009,
    "acc_in_disambig": 0.902,
    "bias_score_in_disambig": 0.010309278350515427,
    "token_fee": "8.015985999999996",
    "generate_token_fee": "0.8471739999999965",
    "dropping_num": 2,
    "iter_time": 0,
    "not_perfect_num": 0
}