{
    "acc_in_ambig": 0.8888888888888888,
    "bias_score_in_ambig": -0.11111111111111116,
    "acc_in_disambig": 1.0,
    "bias_score_in_disambig": 0.0,
    "token_fee": "0.09368199999999997",
    "generate_token_fee": "0.004758000000000001",
    "dropping_num": 0,
    "iter_time": 0
}