{
    "acc_in_ambig": 0.7142857142857143,
    "bias_score_in_ambig": 0.0,
    "acc_in_disambig": 0.8,
    "bias_score_in_disambig": -0.19999999999999996,
    "token_fee": "0.17568999999999996",
    "generate_token_fee": "0.008747999999999999",
    "dropping_num": 6,
    "iter_time": 0
}