{
    "acc_in_ambig": 0.375,
    "bias_score_in_ambig": -0.12499999999999997,
    "acc_in_disambig": 1.0,
    "bias_score_in_disambig": 0.4285714285714286,
    "token_fee": "0.12215599999999997",
    "generate_token_fee": "0.021696",
    "dropping_num": 0,
    "iter_time": 0,
    "not_perfect_num": 1
}