{
    "acc_in_ambig": 0.8,
    "bias_score_in_ambig": -0.19999999999999996,
    "acc_in_disambig": 1.0,
    "bias_score_in_disambig": 1.0,
    "token_fee": "0.34597200000000006",
    "generate_token_fee": "0.008268000000000001",
    "dropping_num": 16,
    "iter_time": 0
}