{
    "acc_in_ambig": 0.6847826086956522,
    "bias_score_in_ambig": -0.006521739130434794,
    "acc_in_disambig": 0.8819875776397516,
    "bias_score_in_disambig": -0.002159827213822907,
    "token_fee": "9.082400000000021",
    "generate_token_fee": "0.78309",
    "dropping_num": 114,
    "iter_time": 0
}