{
    "acc_in_ambig": 0.64,
    "bias_score_in_ambig": 0.040000000000000015,
    "acc_in_disambig": 0.8235294117647058,
    "bias_score_in_disambig": 0.05882352941176472,
    "token_fee": "0.273362",
    "generate_token_fee": "0.04041399999999999",
    "dropping_num": 16,
    "iter_time": 0
}