{
    "acc_in_ambig": 0.695364238410596,
    "bias_score_in_ambig": 0.03532008830022077,
    "acc_in_disambig": 0.9023354564755839,
    "bias_score_in_disambig": 0.09333333333333327,
    "token_fee": "7.8537260000000035",
    "generate_token_fee": "0.4381540000000018",
    "dropping_num": 152,
    "iter_time": 0
}