{
    "acc_in_ambig": 0.6,
    "bias_score_in_ambig": 0.0,
    "acc_in_disambig": 0.875,
    "bias_score_in_disambig": 0.1428571428571428,
    "token_fee": "0.136752",
    "generate_token_fee": "0.015145999999999995",
    "dropping_num": 4,
    "iter_time": 0
}