{
    "acc_in_ambig": 0.6680080482897385,
    "bias_score_in_ambig": -0.006036217303822939,
    "acc_in_disambig": 0.87374749498998,
    "bias_score_in_disambig": -0.017094017094017144,
    "token_fee": "8.172513999999978",
    "generate_token_fee": "0.8700319999999974",
    "dropping_num": 4,
    "iter_time": 0,
    "not_perfect_num": 0
}