{
    "acc_in_ambig": 0.6967871485943775,
    "bias_score_in_ambig": 0.03413654618473893,
    "acc_in_disambig": 0.8857715430861723,
    "bias_score_in_disambig": -0.012448132780082943,
    "token_fee": "9.307678000000001",
    "generate_token_fee": "0.9821619999999991",
    "dropping_num": 4,
    "iter_time": 0,
    "not_perfect_num": 11
}