{
    "acc_in_ambig": 0.6834677419354839,
    "bias_score_in_ambig": 0.01008064516129032,
    "acc_in_disambig": 0.9336016096579477,
    "bias_score_in_disambig": -0.035196687370600444,
    "token_fee": "7.500632000000001",
    "generate_token_fee": "1.2341819999999963",
    "dropping_num": 11,
    "iter_time": 0,
    "not_perfect_num": 3
}