{
    "acc_in_ambig": 0.782608695652174,
    "bias_score_in_ambig": -0.0434782608695652,
    "acc_in_disambig": 0.7872340425531915,
    "bias_score_in_disambig": -0.024390243902439046,
    "token_fee": "0.9517260000000007",
    "generate_token_fee": "0.08340799999999998",
    "dropping_num": 14,
    "iter_time": 0
}