{
    "acc_in_ambig": 0.6909448818897638,
    "bias_score_in_ambig": 0.037401574803149595,
    "acc_in_disambig": 0.8148148148148148,
    "bias_score_in_disambig": -0.059633027522935755,
    "token_fee": "0.48127799999999993$",
    "dropping_num": 6
}