{
    "acc_in_ambig": 0.791015625,
    "bias_score_in_ambig": -0.013671875000000002,
    "acc_in_disambig": 0.27459016393442626,
    "bias_score_in_disambig": -0.11363636363636365,
    "token_fee": "0.2839800000000002$",
    "dropping_num": 0
}