{
    "acc_in_ambig": 0.791015625,
    "bias_score_in_ambig": -0.025390625000000003,
    "acc_in_disambig": 0.3012295081967213,
    "bias_score_in_disambig": -0.12299465240641716,
    "token_fee": "0.2857859999999998$",
    "dropping_num": 0
}