{
    "acc_in_ambig": 0.701171875,
    "bias_score_in_ambig": 0.06835937500000003,
    "acc_in_disambig": 0.7622950819672131,
    "bias_score_in_disambig": 0.014018691588784993,
    "token_fee": "0.5017280000000007$",
    "dropping_num": 0
}