{
    "acc_in_ambig": 0.25048923679060664,
    "bias_score_in_ambig": 0.005870841487279789,
    "acc_in_disambig": 0.514344262295082,
    "bias_score_in_disambig": -0.007159904534606243,
    "token_fee": "0.3215079999999996$",
    "dropping_num": 1
}