{
    "acc_in_ambig": 0.68359375,
    "bias_score_in_ambig": 0.054687500000000035,
    "acc_in_disambig": 0.7827868852459017,
    "bias_score_in_disambig": -0.07373271889400923,
    "token_fee": "0.4816999999999999$",
    "dropping_num": 0
}