{
    "acc_in_ambig": 0.728515625,
    "bias_score_in_ambig": 0.037109375000000014,
    "acc_in_disambig": 0.8401639344262295,
    "bias_score_in_disambig": -0.013574660633484115,
    "token_fee": "7.544894000000005$",
    "dropping_num": 2
}